# ************************************************************
# Sequel Pro SQL dump
# Version 5446
#
# https://www.sequelpro.com/
# https://github.com/sequelpro/sequelpro
#
# Host: 106.13.47.223 (MySQL 5.6.51)
# Database: workflow
# Generation Time: 2022-03-02 11:36:56 +0000
# ************************************************************


/*!40101 SET @OLD_CHARACTER_SET_CLIENT=@@CHARACTER_SET_CLIENT */;
/*!40101 SET @OLD_CHARACTER_SET_RESULTS=@@CHARACTER_SET_RESULTS */;
/*!40101 SET @OLD_COLLATION_CONNECTION=@@COLLATION_CONNECTION */;
/*!40101 SET NAMES utf8 */;
SET NAMES utf8mb4;
/*!40014 SET @OLD_FOREIGN_KEY_CHECKS=@@FOREIGN_KEY_CHECKS, FOREIGN_KEY_CHECKS=0 */;
/*!40101 SET @OLD_SQL_MODE=@@SQL_MODE, SQL_MODE='NO_AUTO_VALUE_ON_ZERO' */;
/*!40111 SET @OLD_SQL_NOTES=@@SQL_NOTES, SQL_NOTES=0 */;


# Dump of table bs_brand
# ------------------------------------------------------------

DROP TABLE IF EXISTS `bs_brand`;

CREATE TABLE `bs_brand` (
  `id` bigint(20) NOT NULL,
  `name` varchar(45) DEFAULT NULL,
  `corporation_id` bigint(20) DEFAULT NULL COMMENT '公司',
  `describe_word` varchar(245) DEFAULT NULL,
  PRIMARY KEY (`id`)
) ENGINE=InnoDB DEFAULT CHARSET=utf8;

LOCK TABLES `bs_brand` WRITE;
/*!40000 ALTER TABLE `bs_brand` DISABLE KEYS */;

INSERT INTO `bs_brand` (`id`, `name`, `corporation_id`, `describe_word`)
VALUES
	(392408486597758976,'重庆川峰门业',274257007794589696,'复合.贴板.橡木.零度门'),
	(392408591988035584,'重庆御驰门业',274257007794589696,'复合.贴板.橡木.零度门'),
	(693883757308022784,'重庆楷迪木门',274257007794589696,'复合.贴板.橡木.零度门');

/*!40000 ALTER TABLE `bs_brand` ENABLE KEYS */;
UNLOCK TABLES;


# Dump of table bs_door
# ------------------------------------------------------------

DROP TABLE IF EXISTS `bs_door`;

CREATE TABLE `bs_door` (
  `id` bigint(20) NOT NULL,
  `name` varchar(45) NOT NULL,
  `img` varchar(245) DEFAULT NULL,
  `corporation_id` bigint(20) NOT NULL,
  `gx_ids` varchar(600) DEFAULT NULL,
  `create_time` datetime DEFAULT NULL,
  `state` smallint(6) DEFAULT NULL,
  `gx_values` varchar(100) DEFAULT NULL,
  `number` varchar(50) DEFAULT '',
  `colors` varchar(250) DEFAULT NULL,
  `info_id` bigint(20) DEFAULT NULL,
  `type` smallint(6) DEFAULT NULL,
  `flag` smallint(6) DEFAULT NULL COMMENT '逻辑删除',
  `arithmetic` varchar(600) DEFAULT NULL COMMENT '算法#%#间隔',
  `sum` int(11) DEFAULT NULL,
  `gx_params` varchar(5000) DEFAULT NULL COMMENT '工序参数',
  `unit_price` decimal(20,4) DEFAULT NULL COMMENT '单价',
  `unit` varchar(20) DEFAULT NULL COMMENT '单位',
  PRIMARY KEY (`id`)
) ENGINE=InnoDB DEFAULT CHARSET=utf8;

LOCK TABLES `bs_door` WRITE;
/*!40000 ALTER TABLE `bs_door` DISABLE KEYS */;

INSERT INTO `bs_door` (`id`, `name`, `img`, `corporation_id`, `gx_ids`, `create_time`, `state`, `gx_values`, `number`, `colors`, `info_id`, `type`, `flag`, `arithmetic`, `sum`, `gx_params`, `unit_price`, `unit`)
VALUES
	(325019411935268864,'银梨5号','437979075580137472',274257007794589696,'286212949171900416,286213813966082048,286213987002093568','2020-06-12 05:32:12',1401,'3,3,3','123',NULL,NULL,1350,1,NULL,NULL,NULL,NULL,NULL),
	(325019449059053568,'复合零度门一体套','437979138268205056',274257007794589696,'286212849657843712,286212903428820992','2021-06-12 05:32:21',1401,'3,3','123',NULL,NULL,1360,1,NULL,NULL,NULL,NULL,NULL),
	(335747049460994048,'SM-949','437978934257258496',274257007794589696,'286212849657843712,286212903428820992,286212949171900416,286212998249451520,286213045905133568,286213103362904064,286213469001355264,286213515331637248,286213588165726208,286213627218890752,286213689990844416,286213733473193984,333780945826091008,286213779501486080,286213813966082048,286213868068409344,286213925287104512,286213987002093568,286214037161775104,333934239470981120,286214151708217344','2019-06-10 20:00:00',1401,'1,1,3,2,2,2,3,2,2,3,3,2,2,3,3,2,12,3,3,2,23','SM-949',NULL,NULL,1301,1,'{\"msH\":\"h-50\",\"msW\":\"w-85\",\"lbH\":\"h-38\",\"lbW\":\"d\",\"dbH\":\"w-20\",\"dbW\":\"d\"}',NULL,'[]',1.0000,'套'),
	(335749155823685632,'SM-9502','693656716079927296',274257007794589696,'286212849657843712,286212998249451520,286213045905133568,286213103362904064,286212903428820992,286212949171900416,286213515331637248,286213469001355264,286213627218890752,286213689990844416,333780945826091008,286213733473193984,286213779501486080,286213813966082048,286213868068409344,286213925287104512,286213987002093568,286214037161775104,333934239470981120,286214151708217344','2019-09-10 20:08:22',1401,'1,2,2,2,2,3,2,3,3,3,2,2,3,3,2,12,3,3,2,23','SM-950',NULL,NULL,1301,1,'{\"msH\":\"h-50\",\"msW\":\"w-85\",\"lbH\":\"h-38\",\"lbW\":\"d\",\"dbH\":\"w-20\",\"dbW\":\"d\"}',NULL,'[{\"gxId\":\"286212849657843712\",\"type\":\"3\",\"params\":1,\"name\":\"下料\"},{\"gxId\":\"286212903428820992\",\"type\":\"3\",\"params\":2,\"name\":\"单套\"}]',989.0000,'套'),
	(335749230012534784,'SM-951','437978876371668992',274257007794589696,'286212849657843712,286212903428820992,286212949171900416,286212998249451520,286213045905133568,286213103362904064,286213469001355264,286213515331637248,286213588165726208,286213627218890752,286213689990844416,286213733473193984,333780945826091008,286213779501486080,286213813966082048,286213868068409344,286213925287104512,286213987002093568,286214037161775104,333934239470981120,286214151708217344','2019-06-10 20:08:40',1401,'1,1,3,2,2,2,3,2,2,3,3,2,2,3,3,2,12,3,3,2,23','SM-951',NULL,NULL,1301,1,'{\"msH\":\"h-50\",\"msW\":\"w-85\",\"lbH\":\"h-38\",\"lbW\":\"d\",\"dbH\":\"w-20\",\"dbW\":\"d\"}',NULL,'[]',3.0000,'套'),
	(335749293749178368,'SM-952','437978811653558272',274257007794589696,'286212849657843712,286212903428820992,286212949171900416,286212998249451520,286213045905133568,286213103362904064,286213469001355264,286213515331637248,286213588165726208,286213627218890752,286213689990844416,286213733473193984,333780945826091008,286213779501486080,286213813966082048,286213868068409344,286213925287104512,286213987002093568,286214037161775104,333934239470981120,286214151708217344','2019-06-10 20:08:55',1401,'1,1,3,2,2,2,3,2,2,3,3,2,2,3,3,2,12,3,3,2,23','SM-952',NULL,NULL,1301,1,'{\"msH\":\"h-50\",\"msW\":\"w-85\",\"lbH\":\"h-38\",\"lbW\":\"d\",\"dbH\":\"w-20\",\"dbW\":\"d\"}',NULL,'[]',1.0000,'套'),
	(335749381947002880,'SM-953','437979008517410816',274257007794589696,'286212849657843712,286212903428820992,286212949171900416,286212998249451520,286213045905133568,286213103362904064,286213469001355264,286213515331637248,286213588165726208,286213627218890752,286213689990844416,286213733473193984,333780945826091008,286213779501486080,286213813966082048,286213868068409344,286213925287104512,286213987002093568,286214037161775104,333934239470981120,286214151708217344','2019-06-10 20:09:16',1401,'1,1,3,2,2,2,3,2,2,3,3,2,2,3,3,2,12,3,3,2,23','SM-953',NULL,NULL,1301,1,'{\"msH\":\"h-50\",\"msW\":\"w-85\",\"lbH\":\"h-38\",\"lbW\":\"d\",\"dbH\":\"w-20\",\"dbW\":\"d\"}',NULL,'[]',2.0000,'套'),
	(693885822218407936,'5厘板浅槽红胡桃面板',NULL,274257007794589696,'','2022-02-23 01:35:37',1401,'','1',NULL,NULL,1360,1,NULL,NULL,NULL,NULL,NULL),
	(693886031564509184,'8厘板贴板浅槽橡木面板',NULL,274257007794589696,'','2022-02-23 01:36:27',1401,'','2',NULL,NULL,1360,1,NULL,NULL,NULL,NULL,NULL),
	(693886142306717696,'白色',NULL,274257007794589696,'','2022-02-23 01:36:54',1401,'','1.',NULL,NULL,1350,1,NULL,NULL,NULL,NULL,NULL),
	(693886183553503232,'象牙白',NULL,274257007794589696,'','2022-02-23 01:37:04',1401,'','2',NULL,NULL,1350,1,NULL,NULL,NULL,NULL,NULL),
	(693886748857602048,'D-2023贴纸',NULL,274257007794589696,'','2023-03-23 02:39:18',1401,'','3',NULL,NULL,1350,1,NULL,NULL,NULL,NULL,NULL),
	(694185220127199232,'大多数',NULL,274257007794589696,'','2022-02-23 21:25:19',1401,'','33',NULL,NULL,1350,1,NULL,NULL,NULL,NULL,NULL),
	(694192160312004608,'特殊(如下图)','694192029260976128',274257007794589696,'286212849657843712,286213103362904064,286213469001355264,286213515331637248,286212903428820992,286213733473193984,286213779501486080,286213868068409344,286213987002093568,694175768003088384,333934239470981120,286214151708217344','2022-11-23 21:52:54',1401,'3.3,4,1.5,2.5,1,2,16,80,14,160,2,6','单套',NULL,NULL,1302,1,'{\"msH\":\"h-50\",\"msW\":\"w-85\",\"lbH\":\"h-38\",\"lbW\":\"d\",\"dbH\":\"w-20\",\"dbW\":\"d\"}',NULL,'[]',200.0000,'套'),
	(694198805930840064,'wj-088',NULL,274257007794589696,'286212849657843712,694175695676510208,286212998249451520,286213045905133568,286213103362904064,286212903428820992,286212949171900416,694175582094757888,694175460388638720,286213515331637248,286213469001355264,286213627218890752,694175768003088384,286213689990844416,333780945826091008,286213733473193984,286213779501486080,286213813966082048,286213868068409344,286213925287104512,286213987002093568,286214037161775104,333934239470981120,286214151708217344','2022-02-23 22:19:19',1401,'3.3,3,4.5,5.5,4,1,10,20,30,2.5,1.5,20,160,1,1.5,2,16,21,80,7,14,12,2,6','wj-088',NULL,NULL,1301,1,'{\"msH\":\"h-50\",\"msW\":\"w-85\",\"lbH\":\"h-38\",\"lbW\":\"d\",\"dbH\":\"w-20\",\"dbW\":\"d\"}',NULL,'[]',NULL,'套'),
	(694212586694119424,'红橡木皮',NULL,274257007794589696,'','2024-01-23 23:14:04',1401,'','1',NULL,NULL,1350,1,NULL,NULL,NULL,NULL,NULL),
	(694275119622787072,'套装门',NULL,274257007794589696,'286212849657843712,286212949171900416,694175695676510208,286212998249451520,286213045905133568,286213103362904064,694244540802011136,286213469001355264,286213515331637248,286212903428820992,286213627218890752,694175460388638720,286213689990844416,333780945826091008,286213733473193984,286213779501486080,286213813966082048,286213868068409344,286213925287104512,286213987002093568,694175768003088384,286214037161775104,333934239470981120,694175582094757888,286214151708217344','2022-02-24 03:22:33',1401,'3.3,10,3,4.5,5.5,4,2,1.5,2.5,1,20,30,1,1.5,2,16,21,80,7,14,160,12,2,20,6','套装门',NULL,NULL,1301,1,'{\"msH\":\"h-50\",\"msW\":\"w-85\",\"lbH\":\"h-38\",\"lbW\":\"d\",\"dbH\":\"w-20\",\"dbW\":\"d\"}',NULL,'[]',NULL,'套'),
	(694277245124087808,'单门扇',NULL,274257007794589696,'286212849657843712,286212998249451520,286213045905133568,286213103362904064,694244540802011136,286213469001355264,286213515331637248,286212903428820992,694175460388638720,286213689990844416,333780945826091008,286213733473193984,286213779501486080,286213813966082048,286213925287104512,286213987002093568,286214037161775104,333934239470981120,694175582094757888,286214151708217344','2022-02-24 03:31:00',1401,'3.3,4.5,5.5,4,2,1.5,2.5,1,30,1,1.5,2,16,21,7,14,12,2,20,6','单门扇',NULL,NULL,1301,1,'{\"msH\":\"h-50\",\"msW\":\"w-85\",\"lbH\":\"h-38\",\"lbW\":\"d\",\"dbH\":\"w-20\",\"dbW\":\"d\"}',NULL,'[]',NULL,'套'),
	(694896437149962240,'2而我',NULL,274257007794589696,'286212849657843712,286212949171900416,694175695676510208,286212998249451520,286213045905133568,286213103362904064,694244540802011136,286213469001355264,286213515331637248,286212903428820992,286213627218890752,694175460388638720,286213689990844416,333780945826091008,286213733473193984,286213779501486080,286213813966082048,286213868068409344,286213925287104512,286213987002093568,694175768003088384,286214037161775104,333934239470981120,694175582094757888,286214151708217344','2022-10-25 21:31:27',1401,'3.3,10,3,4.5,5.5,4,2,1.5,2.5,1,20,30,1,1.5,2,16,21,80,7,14,160,12,2,20,6','门套',NULL,NULL,1302,1,'{\"msH\":\"h-50\",\"msW\":\"w-85\",\"lbH\":\"h-38\",\"lbW\":\"d\",\"dbH\":\"w-20\",\"dbW\":\"d\"}',NULL,'[]',344.0000,'套'),
	(695043856634351616,'套装门1',NULL,274257007794589696,'286212849657843712,286212949171900416,694175695676510208,286212998249451520,286213045905133568,286213103362904064,694244540802011136,286213469001355264,286213515331637248,286212903428820992,286213627218890752,694175460388638720,286213689990844416,333780945826091008,286213733473193984,286213779501486080,286213813966082048,286213868068409344,286213925287104512,286213987002093568,694175768003088384,286214037161775104,333934239470981120,694175582094757888,286214151708217344','2022-02-26 06:17:14',1401,'3.3,10,3,4.5,5.5,4,2,1.5,2.5,1,20,30,1,1.5,2,16,21,80,7,14,160,12,2,20,6','套装门1',NULL,NULL,1301,1,'{\"msH\":\"h-50\",\"msW\":\"w-85\",\"lbH\":\"h-38\",\"lbW\":\"d\",\"dbH\":\"w-20\",\"dbW\":\"d\"}',NULL,'[]',NULL,'套'),
	(695335820751671296,'CF-28',NULL,274257007794589696,'286212849657843712,286212949171900416,694175695676510208,286212998249451520,286213045905133568,286213103362904064,694244540802011136,286213469001355264,286213515331637248,286212903428820992,286213627218890752,694175460388638720,286213689990844416,333780945826091008,286213733473193984,286213779501486080,286213813966082048,286213868068409344,286213925287104512,286213987002093568,694175768003088384,286214037161775104,333934239470981120,694175582094757888,286214151708217344','2022-02-27 01:37:24',1401,'3.3,10,3,4.5,5.5,4,2,1.5,2.5,1,20,30,1,1.5,2,16,21,80,7,14,160,12,2,20,6','CF-28',NULL,NULL,1301,1,'{\"msH\":\"h-50\",\"msW\":\"w-85\",\"lbH\":\"h-38\",\"lbW\":\"d\",\"dbH\":\"w-20\",\"dbW\":\"d\"}',NULL,'[]',NULL,'套'),
	(696039708530184192,'见色板',NULL,274257007794589696,'','2022-03-01 00:14:24',1401,'','开放漆',NULL,NULL,1350,1,NULL,NULL,NULL,NULL,NULL),
	(696039824766930944,'单套',NULL,274257007794589696,'286212849657843712,286212949171900416,694175695676510208,286212998249451520,286213045905133568,286213103362904064,694244540802011136,286213469001355264,286213515331637248,286212903428820992,286213627218890752,694175460388638720,286213689990844416,333780945826091008,286213733473193984,286213779501486080,286213813966082048,286213868068409344,286213925287104512,286213987002093568,694175768003088384,286214037161775104,333934239470981120,694175582094757888,286214151708217344','2022-03-01 00:14:52',1401,'3.3,10,3,4.5,5.5,4,2,1.5,2.5,1,20,30,1,1.5,2,16,21,80,7,14,160,12,2,20,6','单套',NULL,NULL,1302,1,'{\"msH\":\"h-50\",\"msW\":\"w-85\",\"lbH\":\"h-38\",\"lbW\":\"d\",\"dbH\":\"w-20\",\"dbW\":\"d\"}',NULL,'[]',NULL,'套'),
	(696041960129040384,'见图',NULL,274257007794589696,'286212849657843712,286212949171900416,286212998249451520,286213045905133568,286213103362904064,286213469001355264,286213515331637248,286212903428820992,286213689990844416,286213733473193984,286213779501486080,286213868068409344,694175768003088384,286214151708217344','2024-02-01 00:23:21',1401,'4,10,7,7.5,4,1.5,2.5,1.2,1,2,35,120,120,6','见图',NULL,NULL,1301,NULL,'{\"msH\":\"h-50\",\"msW\":\"w-85\",\"lbH\":\"h-38\",\"lbW\":\"d\",\"dbH\":\"w-20\",\"dbW\":\"d\"}',NULL,'[]',200.0000,'套'),
	(696042145504694272,'贴黑胡桃木皮',NULL,274257007794589696,'','2022-03-01 00:24:05',1401,'','贴黑胡桃木皮',NULL,NULL,1350,NULL,NULL,NULL,NULL,NULL,NULL),
	(696042371514765312,'红胡桃面板',NULL,274257007794589696,'','2022-03-01 00:24:59',1401,'','深槽',NULL,NULL,1360,NULL,NULL,NULL,NULL,NULL,NULL),
	(696049909727629312,'门扇2021-11羊脂玉  套板线条2021-10星空灰实色',NULL,274257007794589696,'','2022-03-01 00:54:56',1401,'','2021-11',NULL,NULL,1350,NULL,NULL,NULL,NULL,NULL,NULL),
	(696050478693355520,'8厘板一体套',NULL,274257007794589696,'286212849657843712,286212949171900416,286212998249451520,286213103362904064,286213515331637248,286212903428820992,286213689990844416,286213733473193984,286213779501486080,286213925287104512,286213987002093568,286214037161775104,333934239470981120,286214151708217344','2022-03-01 00:57:12',1401,'6.6,20,9,8,15,12,4,9,96,42,84,72,12,33','8厘板一体套',NULL,NULL,1360,NULL,NULL,NULL,NULL,NULL,NULL),
	(696053832836321280,'双套',NULL,274257007794589696,'286212849657843712,286212949171900416,694175695676510208,286212998249451520,286213045905133568,286213103362904064,694244540802011136,286213469001355264,286213515331637248,286212903428820992,286213627218890752,694175460388638720,286213689990844416,333780945826091008,286213733473193984,286213779501486080,286213813966082048,286213868068409344,286213925287104512,286213987002093568,694175768003088384,286214037161775104,333934239470981120,694175582094757888,286214151708217344','2022-03-01 01:10:31',1401,'3.3,10,3,4.5,5.5,4,2,1.5,2.5,1,20,30,1,1.5,2,16,21,80,7,14,160,12,2,20,6','双套',NULL,NULL,1302,NULL,'{\"msH\":\"h-50\",\"msW\":\"w-85\",\"lbH\":\"h-38\",\"lbW\":\"d\",\"dbH\":\"w-20\",\"dbW\":\"d\"}',NULL,'[]',NULL,'套'),
	(696053955679096832,'2021-10星空灰',NULL,274257007794589696,'','2022-03-01 01:11:01',1401,'','实色漆',NULL,NULL,1350,NULL,NULL,NULL,NULL,NULL,NULL),
	(696054022104289280,'复合',NULL,274257007794589696,'','2022-03-01 01:11:17',1401,'','复合',NULL,NULL,1360,NULL,NULL,NULL,NULL,NULL,NULL);

/*!40000 ALTER TABLE `bs_door` ENABLE KEYS */;
UNLOCK TABLES;


# Dump of table bs_gx
# ------------------------------------------------------------

DROP TABLE IF EXISTS `bs_gx`;

CREATE TABLE `bs_gx` (
  `id` bigint(20) NOT NULL,
  `name` varchar(255) NOT NULL COMMENT '工序名',
  `state` smallint(6) NOT NULL COMMENT '状态',
  `corporation_id` bigint(20) NOT NULL COMMENT '公司id',
  `price` decimal(20,4) NOT NULL COMMENT '工序价格',
  `index_key` smallint(6) DEFAULT NULL COMMENT '顺序',
  `flag` smallint(6) DEFAULT NULL COMMENT '逻辑删除',
  `rely_on` varchar(500) DEFAULT NULL COMMENT '依赖工序',
  `default_user_id` bigint(20) DEFAULT NULL COMMENT '默认用户id',
  PRIMARY KEY (`id`)
) ENGINE=InnoDB DEFAULT CHARSET=utf8;

LOCK TABLES `bs_gx` WRITE;
/*!40000 ALTER TABLE `bs_gx` DISABLE KEYS */;

INSERT INTO `bs_gx` (`id`, `name`, `state`, `corporation_id`, `price`, `index_key`, `flag`, `rely_on`, `default_user_id`)
VALUES
	(286212849657843712,'下料',1201,274257007794589696,3.3000,1,NULL,NULL,NULL),
	(286212903428820992,'单套',1201,274257007794589696,1.0000,10,NULL,NULL,NULL),
	(286212949171900416,'雕刻',1201,274257007794589696,10.0000,2,NULL,NULL,NULL),
	(286212998249451520,'抓架子',1201,274257007794589696,4.5000,4,NULL,NULL,NULL),
	(286213045905133568,'压机',1201,274257007794589696,5.5000,5,NULL,NULL,NULL),
	(286213103362904064,'精裁',1201,274257007794589696,4.0000,6,NULL,NULL,NULL),
	(286213469001355264,'打台',1201,274257007794589696,1.5000,8,NULL,NULL,NULL),
	(286213515331637248,'封边',1201,274257007794589696,2.5000,9,NULL,NULL,NULL),
	(286213588165726208,'大沙',1201,274257007794589696,2.0000,80,1,NULL,NULL),
	(286213627218890752,'异型',1201,274257007794589696,20.0000,11,NULL,NULL,NULL),
	(286213689990844416,'打眼订凳',1201,274257007794589696,1.0000,13,NULL,NULL,NULL),
	(286213733473193984,'分货',1201,274257007794589696,2.0000,15,NULL,NULL,NULL),
	(286213779501486080,'刮灰',1201,274257007794589696,16.0000,16,NULL,NULL,NULL),
	(286213813966082048,'贴纸',1201,274257007794589696,21.0000,17,NULL,NULL,NULL),
	(286213868068409344,'贴皮',1201,274257007794589696,80.0000,18,NULL,NULL,NULL),
	(286213925287104512,'底漆',1201,274257007794589696,7.0000,19,NULL,NULL,NULL),
	(286213987002093568,'油磨',1201,274257007794589696,14.0000,20,NULL,NULL,NULL),
	(286214037161775104,'面漆',1201,274257007794589696,12.0000,22,NULL,NULL,NULL),
	(286214151708217344,'包装',1201,274257007794589696,6.0000,25,NULL,NULL,NULL),
	(333780945826091008,'木磨',1201,274257007794589696,1.5000,14,NULL,NULL,NULL),
	(333934239470981120,'质检',1201,274257007794589696,2.0000,23,NULL,NULL,NULL),
	(693993095066423296,'测试更新',1201,274257007794589696,22.0000,2,1,NULL,NULL),
	(694175460388638720,'订扣线',1201,274257007794589696,30.0000,12,NULL,NULL,NULL),
	(694175582094757888,'金属条',1201,274257007794589696,20.0000,24,NULL,NULL,NULL),
	(694175695676510208,'抓玻璃门架子',1201,274257007794589696,3.0000,3,NULL,NULL,NULL),
	(694175768003088384,'开放漆',1201,274257007794589696,160.0000,21,NULL,NULL,NULL),
	(694244540802011136,'重沙',1201,274257007794589696,2.0000,7,NULL,NULL,NULL);

/*!40000 ALTER TABLE `bs_gx` ENABLE KEYS */;
UNLOCK TABLES;


# Dump of table bs_gx_type
# ------------------------------------------------------------

DROP TABLE IF EXISTS `bs_gx_type`;

CREATE TABLE `bs_gx_type` (
  `id` bigint(20) NOT NULL,
  `gx_id` bigint(20) DEFAULT NULL,
  `corporation_id` bigint(20) DEFAULT NULL,
  `price` float DEFAULT NULL,
  `name` varchar(45) DEFAULT NULL,
  `flag` smallint(6) DEFAULT NULL COMMENT '逻辑删除',
  PRIMARY KEY (`id`)
) ENGINE=InnoDB DEFAULT CHARSET=utf8;



# Dump of table cm_code
# ------------------------------------------------------------

DROP TABLE IF EXISTS `cm_code`;

CREATE TABLE `cm_code` (
  `id` bigint(20) NOT NULL,
  `value` smallint(6) NOT NULL COMMENT '码值',
  `group_id` bigint(20) NOT NULL COMMENT '分组ID',
  `name` varchar(20) NOT NULL COMMENT '码值描述',
  PRIMARY KEY (`id`)
) ENGINE=InnoDB DEFAULT CHARSET=utf8 ROW_FORMAT=DYNAMIC;

LOCK TABLES `cm_code` WRITE;
/*!40000 ALTER TABLE `cm_code` DISABLE KEYS */;

INSERT INTO `cm_code` (`id`, `value`, `group_id`, `name`)
VALUES
	(273970016683167744,100,273239076856008704,'公司管理员'),
	(273970300419444736,101,273239076856008704,'销售'),
	(273970374650236928,102,273239076856008704,'经销商'),
	(273970674022879232,103,273239076856008704,'财务'),
	(273975319248113664,104,273239076856008704,'仓库管理'),
	(273975693893101568,106,273239076856008704,'生产工人'),
	(273975697893101567,108,273239076856008704,'运输'),
	(273975697893101568,105,273239076856008704,'生产管理'),
	(273975697893101569,107,273239076856008704,'制单'),
	(274250166805073920,201,273239464485195776,'订单系统'),
	(274250255703347200,202,273239464485195776,'生产管理系统'),
	(274250407117721600,203,273239464485195776,'财务系统'),
	(274250524184940544,204,273239464485195776,'仓库管理系统'),
	(274250748047527936,205,273239464485195776,'任务追溯系统'),
	(274257530920767488,1101,274257342596517888,'起用中'),
	(274257652740132864,1102,274257342596517888,'禁用中'),
	(274258689769213952,1001,274257288099926016,'起用中'),
	(274258818551123968,1002,274257288099926016,'禁用中'),
	(286122093509218304,1201,286121853485977600,'使用中'),
	(286122167677095936,1202,286121853485977600,'禁用中'),
	(291175793030205440,1401,291175579326222336,'使用中'),
	(291175917697503232,1402,291175579326222336,'禁用中'),
	(291996779824680960,1301,291996688304967680,'套装门'),
	(291996888528457728,1302,291996688304967680,'单面套'),
	(291996888528457729,1303,291996688304967680,'双面套'),
	(292087903306256384,1350,291996688304967680,'颜色'),
	(292087983421657088,1360,291996688304967680,'材质'),
	(325046853924163584,1500,325046429502541824,'草稿'),
	(325046949638180864,1503,325046429502541824,'待审核'),
	(325047203456487424,1505,325046429502541824,'已驳回'),
	(325047505077276672,1507,325046429502541824,'待生产'),
	(325047619300757504,1510,325046429502541824,'前工序生产中'),
	(325047698577297408,1513,325046429502541824,'后工序生产中'),
	(325047821218746368,1516,325046429502541824,'生产完成'),
	(325047880782057472,1519,325046429502541824,'已发货'),
	(325047880782057473,1529,325046429502541824,'已完成'),
	(325048078799343616,1601,325046560436129792,'待生产'),
	(325048159346757632,1602,325046560436129792,'生产完成');

/*!40000 ALTER TABLE `cm_code` ENABLE KEYS */;
UNLOCK TABLES;


# Dump of table cm_code_group
# ------------------------------------------------------------

DROP TABLE IF EXISTS `cm_code_group`;

CREATE TABLE `cm_code_group` (
  `id` bigint(20) NOT NULL,
  `value` tinyint(4) NOT NULL COMMENT '码组值',
  `name` varchar(20) NOT NULL COMMENT '码组名',
  PRIMARY KEY (`id`)
) ENGINE=InnoDB DEFAULT CHARSET=utf8;

LOCK TABLES `cm_code_group` WRITE;
/*!40000 ALTER TABLE `cm_code_group` DISABLE KEYS */;

INSERT INTO `cm_code_group` (`id`, `value`, `name`)
VALUES
	(273239076856008704,1,'角色'),
	(273239464485195776,2,'权限'),
	(274257288099926016,10,'用户状态'),
	(274257342596517888,11,'公司状态'),
	(286121853485977600,12,'工序状态'),
	(291175579326222336,14,'门状态'),
	(291996688304967680,13,'计价类型'),
	(325046429502541824,15,'工单状态'),
	(325046560436129792,16,'工单工序状态');

/*!40000 ALTER TABLE `cm_code_group` ENABLE KEYS */;
UNLOCK TABLES;


# Dump of table cm_corporation
# ------------------------------------------------------------

DROP TABLE IF EXISTS `cm_corporation`;

CREATE TABLE `cm_corporation` (
  `id` bigint(20) NOT NULL,
  `name` varchar(30) NOT NULL COMMENT '公司名',
  `state` smallint(6) NOT NULL COMMENT '状态',
  `boss_id` bigint(20) DEFAULT NULL COMMENT '法人ID',
  `logo_id` bigint(20) DEFAULT NULL COMMENT '公司LOGO',
  `province_id` smallint(6) DEFAULT NULL COMMENT '省',
  `city_id` smallint(6) DEFAULT NULL COMMENT '市',
  `county_id` smallint(6) DEFAULT NULL COMMENT '县',
  `address` varchar(100) DEFAULT NULL COMMENT '详细地址',
  `ability` varchar(255) DEFAULT NULL COMMENT '权限能力',
  `flag` smallint(6) DEFAULT NULL COMMENT '逻辑删除',
  PRIMARY KEY (`id`)
) ENGINE=InnoDB DEFAULT CHARSET=utf8;

LOCK TABLES `cm_corporation` WRITE;
/*!40000 ALTER TABLE `cm_corporation` DISABLE KEYS */;

INSERT INTO `cm_corporation` (`id`, `name`, `state`, `boss_id`, `logo_id`, `province_id`, `city_id`, `county_id`, `address`, `ability`, `flag`)
VALUES
	(274257007794589696,'重庆川峰门业',1101,NULL,NULL,NULL,NULL,NULL,NULL,'201,202,203,204,205',NULL),
	(274260031111827456,'测试3',1101,NULL,NULL,NULL,NULL,NULL,NULL,'202',NULL);

/*!40000 ALTER TABLE `cm_corporation` ENABLE KEYS */;
UNLOCK TABLES;


# Dump of table cm_err_code
# ------------------------------------------------------------

DROP TABLE IF EXISTS `cm_err_code`;

CREATE TABLE `cm_err_code` (
  `id` bigint(20) NOT NULL,
  `value` int(4) NOT NULL,
  `name` varchar(45) NOT NULL,
  `flag` smallint(6) DEFAULT NULL COMMENT '逻辑删除',
  PRIMARY KEY (`id`)
) ENGINE=InnoDB DEFAULT CHARSET=utf8 ROW_FORMAT=DYNAMIC;



# Dump of table cm_file
# ------------------------------------------------------------

DROP TABLE IF EXISTS `cm_file`;

CREATE TABLE `cm_file` (
  `id` bigint(20) NOT NULL,
  `url` varchar(255) DEFAULT NULL COMMENT '文件地址',
  `state` smallint(6) DEFAULT '1' COMMENT '状态',
  `user_id` bigint(20) DEFAULT NULL COMMENT '创建人ID',
  `type` varchar(20) DEFAULT NULL COMMENT '文件类型',
  `other_id` bigint(20) DEFAULT NULL,
  `file_type` varchar(10) DEFAULT NULL,
  `name` varchar(255) DEFAULT NULL,
  `size` bigint(20) DEFAULT NULL,
  PRIMARY KEY (`id`)
) ENGINE=InnoDB DEFAULT CHARSET=utf8;

LOCK TABLES `cm_file` WRITE;
/*!40000 ALTER TABLE `cm_file` DISABLE KEYS */;

INSERT INTO `cm_file` (`id`, `url`, `state`, `user_id`, `type`, `other_id`, `file_type`, `name`, `size`)
VALUES
	(392672332453384192,'392672332453384192.jpg',NULL,NULL,'fuck',123456,'.jpg','headimg_5.jpg',40682),
	(392676232472432640,'392676232472432640.jpg',NULL,NULL,'fuck',123456,'.jpg','headimg_5.jpg',40682),
	(437978458837094400,'437978458837094400.jpg',NULL,NULL,'fuck',123456,'.jpg','交易所1.png',12249),
	(437978480127381504,'437978480127381504.jpg',NULL,NULL,'fuck',123456,'.jpg','钱包.png',12986),
	(437978764249534464,'437978764249534464.jpg',NULL,NULL,'fuck',123456,'.jpg','WX20191127-172921.jpg',102182),
	(437978811653558272,'437978811653558272.jpg',NULL,NULL,'fuck',123456,'.jpg','WX20200310-203535@2x.png',111248),
	(437978876371668992,'437978876371668992.jpg',NULL,NULL,'fuck',123456,'.jpg','d439b6003af33a872394a6a8c65c10385243b583.jpeg',90840),
	(437978934257258496,'437978934257258496.jpg',NULL,NULL,'fuck',123456,'.jpg','WechatIMG506.jpeg',159252),
	(437979008517410816,'437979008517410816.jpg',NULL,NULL,'fuck',123456,'.jpg','u=3419394367,3689673306&fm=11&gp=0.jpg',96717),
	(437979075580137472,'437979075580137472.jpg',NULL,NULL,'fuck',123456,'.jpg','WechatIMG268.jpg',66167),
	(437979138268205056,'437979138268205056.jpg',NULL,NULL,'fuck',123456,'.jpg','WechatIMG268.jpg',75535),
	(693216752875737088,'693216752875737088.jpg',NULL,NULL,'fuck',123456,'.jpg','logo.png',14994),
	(693217388027580416,'693217388027580416.jpg',NULL,NULL,'fuck',123456,'.jpg','error-404.svg',11357),
	(693295824779743232,'693295824779743232.jpg',NULL,NULL,'fuck',123456,'.jpg','error-404.svg',10446),
	(693656716079927296,'693656716079927296.jpg',NULL,NULL,'fuck',123456,'.jpg','1000.png',241206),
	(693826774257242112,'693826774257242112.jpg',NULL,NULL,'fuck',123456,'.jpg','IMG_52611.jpg',204433),
	(694183808945229824,'694183808945229824.jpg',NULL,NULL,'fuck',123456,'.jpg','IMG_52611.jpg',204433),
	(694192029260976128,'694192029260976128.jpg',NULL,NULL,'fuck',123456,'.jpg','WX20220224-115009.png',11979),
	(694192445176549376,'694192445176549376.jpg',NULL,NULL,'fuck',123456,'.jpg','WX20220224-115009.png',4183),
	(694192471202205696,'694192471202205696.jpg',NULL,NULL,'fuck',123456,'.jpg','WX20220224-115009.png',4183),
	(694193100364582912,'694193100364582912.jpg',NULL,NULL,'fuck',123456,'.jpg','WX20220224-115009.png',4183),
	(694194921929838592,'694194921929838592.jpg',NULL,NULL,'fuck',123456,'.jpg','WX20220224-115009.png',4183),
	(694195081028177920,'694195081028177920.jpg',NULL,NULL,'fuck',123456,'.jpg','WX20220224-115009.png',11979),
	(694718153556627456,'694718153556627456.jpg',NULL,NULL,'fuck',123456,'.jpg','WX20220225-223945@2x.png',17018),
	(694718173156610048,'694718173156610048.jpg',NULL,NULL,'fuck',123456,'.jpg','WX20220225-223945@2x.png',17018);

/*!40000 ALTER TABLE `cm_file` ENABLE KEYS */;
UNLOCK TABLES;


# Dump of table cm_user
# ------------------------------------------------------------

DROP TABLE IF EXISTS `cm_user`;

CREATE TABLE `cm_user` (
  `id` bigint(45) NOT NULL,
  `name` varchar(45) DEFAULT NULL COMMENT '真实名',
  `login_name` varchar(20) DEFAULT NULL COMMENT '登录名',
  `state` smallint(6) DEFAULT NULL COMMENT '状态',
  `ability` varchar(80) DEFAULT NULL COMMENT '权限能力',
  `roles` varchar(80) DEFAULT NULL COMMENT '角色',
  `password` varchar(45) DEFAULT NULL COMMENT '密码',
  `password_key` varchar(5) DEFAULT NULL COMMENT '密码Key',
  `corporation_id` bigint(20) DEFAULT NULL COMMENT '公司ID',
  `phone` varchar(11) DEFAULT NULL,
  `img_id` varchar(100) DEFAULT NULL COMMENT '头像',
  `flag` smallint(6) DEFAULT NULL COMMENT '逻辑删除',
  `gx_ids` varchar(240) DEFAULT NULL COMMENT '员工工序ID',
  `invite_id` bigint(45) DEFAULT NULL COMMENT '邀请人ID',
  `brand_id` bigint(45) DEFAULT NULL COMMENT '默认品牌',
  `address` varchar(245) DEFAULT NULL COMMENT '默认发货地址',
  `courier` varchar(145) DEFAULT NULL COMMENT '默认快递',
  PRIMARY KEY (`id`)
) ENGINE=InnoDB DEFAULT CHARSET=utf8;

LOCK TABLES `cm_user` WRITE;
/*!40000 ALTER TABLE `cm_user` DISABLE KEYS */;

INSERT INTO `cm_user` (`id`, `name`, `login_name`, `state`, `ability`, `roles`, `password`, `password_key`, `corporation_id`, `phone`, `img_id`, `flag`, `gx_ids`, `invite_id`, `brand_id`, `address`, `courier`)
VALUES
	(273817093102596096,'赵伟','zw',1001,'1','888888','gOuIeVBcEKg2bWDor0A2MA==','99lC',NULL,'13540416116',NULL,NULL,NULL,NULL,NULL,NULL,NULL),
	(273827093102596096,'王君','王君',1001,NULL,'100','FjvRDmxMD2A3DcnnsNfIjQ==','1Qy3',274257007794589696,'15823868787',NULL,NULL,'[]',NULL,NULL,NULL,NULL),
	(274345799314444288,'赵静','赵静',1001,NULL,'100,103','vT7jWpXyK8Gvzg8TfyGx2Q==','D14Q',274257007794589696,'15823061208',NULL,NULL,'[]',NULL,NULL,NULL,NULL),
	(274346273346293760,'陈朝华','陈朝华',1001,NULL,'101','YBfZaw1GVKMnsGIAD1fcRg==','4L9p',274257007794589696,'18875073538',NULL,NULL,'[]',NULL,NULL,NULL,NULL),
	(329966652353548288,'穆世平','穆世平',1001,NULL,'106','+xp1OpQZoQaeo949Mqv5uQ==','yvg3',274257007794589696,'15213212885',NULL,NULL,'[\"286212849657843712\",\"286212903428820992\"]',NULL,NULL,NULL,NULL),
	(329967015764824064,'李均','李均',1001,NULL,'106','32+ebDRIiKsiQbho2AK6ZQ==','lEd4',274257007794589696,'19922180145',NULL,NULL,'[\"286212949171900416\"]',NULL,NULL,NULL,NULL),
	(329967172166225920,'蒲绍彬','蒲绍彬',1001,NULL,'106','ubcSDeX0IenSZsWUpHkJuw==','Pu93',274257007794589696,'13540416116',NULL,NULL,'[\"286212998249451520\"]',NULL,NULL,NULL,NULL),
	(693827117225480192,'赵凤','赵凤',1001,NULL,'106,104','Ax4H/lWO0LNE32RZ2V7s5A==','ts88',274257007794589696,'13881800330',NULL,NULL,'[\"333934239470981120\"]',NULL,NULL,NULL,NULL),
	(693830339231092736,'江成双','江成双',1001,NULL,'106','pKVo06vZOaCUSmYspFV64w==','iF1s',274257007794589696,'13880483093',NULL,NULL,'[\"286213103362904064\"]',NULL,NULL,NULL,NULL),
	(693830546798809088,'何健','何健',1001,NULL,'101','qhEPx1nmBenLZ+JzH0mx1A==','2ub6',274257007794589696,'18384019794',NULL,NULL,NULL,NULL,NULL,NULL,NULL),
	(693831024517451776,'王孝群','王孝群',1001,NULL,'107','Oe4V7M0Ap+IH1WPxjOL4hw==','X2Fx',274257007794589696,'13618201280',NULL,NULL,NULL,NULL,NULL,NULL,NULL),
	(693858087928467456,'李尚明','李尚明',1001,NULL,'106','bY/7kjdSB97xj2MEFaKfvA==','3dp5',274257007794589696,'13996432793',NULL,NULL,'[\"286213045905133568\"]',NULL,NULL,NULL,NULL),
	(693858757653958656,'秦廷元','秦廷元',1001,NULL,'106','DsmawnBAjcTeAw9ADGJ8FA==','9m63',274257007794589696,'13048427989',NULL,NULL,'[\"286213627218890752\"]',NULL,NULL,NULL,NULL),
	(693859748113682432,'瞿显春','瞿显春',1001,NULL,'106','4ki51VecsN6Av6uyaMurKw==','6K4l',274257007794589696,'17302398579',NULL,NULL,'[\"286213627218890752\",\"694175582094757888\",\"694175460388638720\"]',NULL,NULL,NULL,NULL),
	(693860544586846208,'胡胜波','胡胜波',1001,NULL,'106','IUWLXCLAwaalJ8sJWcfAbQ==','7R0f',274257007794589696,'13881800330',NULL,NULL,'[\"286213469001355264\",\"286213515331637248\",\"286213689990844416\",\"286213733473193984\",\"333780945826091008\",\"694244540802011136\"]',NULL,NULL,NULL,NULL),
	(693862029240438784,'王启强','王启强',1001,NULL,'105,106','c0lyW08nED5R1yE+Kxygkg==','6wh0',274257007794589696,'18323195088',NULL,NULL,'[\"694175695676510208\"]',NULL,NULL,NULL,NULL),
	(693866366830252032,'夏继军','夏继军',1001,NULL,'106','SPQwz8szYe9Q+Tkp4/QHpA==','1d08',274257007794589696,'13657634670',NULL,NULL,'[\"286213779501486080\"]',NULL,NULL,NULL,NULL),
	(693866602734686208,'陈涛','陈涛',1001,NULL,'106','Teye7F6nFyYe6c7x32HgUw==','m8It',274257007794589696,'13760465466',NULL,NULL,'[\"286213779501486080\"]',NULL,NULL,NULL,NULL),
	(693866847384244224,'黄趾元','黄趾元',1001,NULL,'106','Oaa0jY5+xU7J943fbUTeMw==','Ztou',274257007794589696,'13881800330',NULL,NULL,'[\"286213779501486080\"]',NULL,NULL,NULL,NULL),
	(693867034647334912,'王习军','王习军',1001,NULL,'106','5zH62KgIooqwMu9XMp6uDw==','83SV',274257007794589696,'13881800330',NULL,NULL,'[\"286213813966082048\"]',NULL,NULL,NULL,NULL),
	(693867239111266304,'罗盛琼','罗盛琼',1001,NULL,'106','vTpxxaviWcLqNUJQSpdjOA==','1gXh',274257007794589696,'13881800330',NULL,NULL,'[\"286213925287104512\"]',NULL,NULL,NULL,NULL),
	(693867835029590016,'赵志','赵志',1001,NULL,'105','dAd2gTju7bKe0QylUGNStQ==','LQeU',274257007794589696,'15803031202',NULL,NULL,NULL,NULL,NULL,NULL,NULL),
	(693868047320092672,'陈祥敏','陈祥敏',1001,NULL,'106','ctoQXfYoHjNkI0NzRnbRig==','Ewe4',274257007794589696,'13881800330',NULL,NULL,'[\"286213987002093568\"]',NULL,NULL,NULL,NULL),
	(693868179721687040,'龚先祥','龚先祥',1001,NULL,'106','71QO3wJh9BAKbJ+LMq4FVA==','51Nf',274257007794589696,'13881800330',NULL,NULL,'[\"286213987002093568\"]',NULL,NULL,NULL,NULL),
	(693868326337777664,'龙少辉','龙少辉',1001,NULL,'106','Svid/QP34+TJ8tP2nV3CbQ==','88aT',274257007794589696,'15123910631',NULL,NULL,'[\"286214037161775104\"]',NULL,NULL,NULL,NULL),
	(693868494793609216,'安怀舰','安怀舰',1001,NULL,'106','wF6QaCL1xDMgeK6WM2FW+g==','uY59',274257007794589696,'15925509015',NULL,NULL,'[\"286214037161775104\"]',NULL,NULL,NULL,NULL),
	(693868627899846656,'钟安杰','钟安杰',1001,NULL,'106','fUR68pJVsVTBu5bG1SEVxA==','1638',274257007794589696,'13881800330',NULL,NULL,'[\"286214151708217344\"]',NULL,NULL,NULL,NULL),
	(693868947010883584,'伏小蓉','伏小蓉',1001,NULL,'107','sRMkZDvkzCSw0IetshDIMw==','5wBl',274257007794589696,'13881800330',NULL,NULL,NULL,NULL,NULL,NULL,NULL),
	(693869145095278592,'王艳','王艳',1001,NULL,'101','QqliUzAvfKvlcOpr0OuRbQ==','U80h',274257007794589696,'13881800330',NULL,NULL,NULL,NULL,NULL,NULL,NULL),
	(693869449727578112,'王进','王进',1001,NULL,'106','E7hX4uLg+VsJsYZETPTNsQ==','z3ed',274257007794589696,'17726631066',NULL,NULL,'[\"286213868068409344\"]',NULL,NULL,NULL,NULL),
	(693869588743589888,'刘亮','刘亮',1001,NULL,'108','tFFKaZbDEq4HwhfkRs4Z5Q==','Bd6R',274257007794589696,'13551300044',NULL,NULL,NULL,NULL,NULL,NULL,NULL),
	(694191385481449472,'开放漆','开放漆',1001,NULL,'106','yX71vpEp6xYJti3u00TiBA==','75o6',274257007794589696,'13881800330',NULL,NULL,'[\"694175768003088384\"]',NULL,NULL,NULL,NULL),
	(696039099747930112,'市内','市内',1001,NULL,'102','ns7pAZZBRmi6SrBQ/cgsUA==','z93J',274257007794589696,'13881800330',NULL,NULL,NULL,NULL,392408486597758976,'市内',NULL),
	(696047026990878720,'刘亮','刘亮z',1001,NULL,'102','SROkb3eVntY8rIb0e3EWHQ==','tO65',274257007794589696,'13551300044',NULL,NULL,NULL,NULL,392408486597758976,'成都',NULL);

/*!40000 ALTER TABLE `cm_user` ENABLE KEYS */;
UNLOCK TABLES;


# Dump of table cm_user_info
# ------------------------------------------------------------

DROP TABLE IF EXISTS `cm_user_info`;

CREATE TABLE `cm_user_info` (
  `id` bigint(20) NOT NULL,
  `user_id` bigint(20) DEFAULT NULL,
  `province_id` smallint(6) DEFAULT NULL COMMENT '省',
  `city_id` smallint(6) DEFAULT NULL COMMENT '市',
  `county_id` smallint(6) DEFAULT NULL COMMENT '区县',
  `address` varchar(255) DEFAULT NULL COMMENT '详细地址',
  `flag` smallint(6) DEFAULT NULL COMMENT '逻辑删除',
  PRIMARY KEY (`id`)
) ENGINE=InnoDB DEFAULT CHARSET=utf8;



# Dump of table flyway_schema_history
# ------------------------------------------------------------

DROP TABLE IF EXISTS `flyway_schema_history`;

CREATE TABLE `flyway_schema_history` (
  `installed_rank` int(11) NOT NULL,
  `version` varchar(50) COLLATE utf8_unicode_ci DEFAULT NULL,
  `description` varchar(200) COLLATE utf8_unicode_ci NOT NULL,
  `type` varchar(20) COLLATE utf8_unicode_ci NOT NULL,
  `script` varchar(1000) COLLATE utf8_unicode_ci NOT NULL,
  `checksum` int(11) DEFAULT NULL,
  `installed_by` varchar(100) COLLATE utf8_unicode_ci NOT NULL,
  `installed_on` timestamp NOT NULL DEFAULT CURRENT_TIMESTAMP,
  `execution_time` int(11) NOT NULL,
  `success` tinyint(1) NOT NULL,
  PRIMARY KEY (`installed_rank`),
  KEY `flyway_schema_history_s_idx` (`success`)
) ENGINE=InnoDB DEFAULT CHARSET=utf8 COLLATE=utf8_unicode_ci;

LOCK TABLES `flyway_schema_history` WRITE;
/*!40000 ALTER TABLE `flyway_schema_history` DISABLE KEYS */;

INSERT INTO `flyway_schema_history` (`installed_rank`, `version`, `description`, `type`, `script`, `checksum`, `installed_by`, `installed_on`, `execution_time`, `success`)
VALUES
	(1,'0.1','cm user','SQL','V0.1__cm_user.sql',-955554220,'root','2019-11-15 10:30:01',53,1),
	(2,'0.2','cm code group','SQL','V0.2__cm_code_group.sql',1216552026,'root','2019-11-15 10:30:01',26,1),
	(3,'0.3','cm code','SQL','V0.3__cm_code.sql',-1286918069,'root','2019-11-15 10:30:01',51,1),
	(4,'0.4','cm corporation','SQL','V0.4__cm_corporation.sql',1941721738,'root','2019-11-15 10:30:01',18,1),
	(5,'0.5','cm err code','SQL','V0.5__cm_err_code.sql',613072057,'root','2019-11-15 10:30:01',13,1),
	(6,'0.6','cm file','SQL','V0.6__cm_file.sql',-1591670347,'root','2019-11-15 10:30:01',32,1),
	(7,'0.7','cm user info','SQL','V0.7__cm_user_info.sql',342735996,'root','2019-11-15 10:30:01',14,1),
	(8,'0.8','bs door','SQL','V0.8__bs_door.sql',985142950,'root','2022-03-01 23:18:17',54,1),
	(9,'0.9','zs ticket','SQL','V0.9__zs_ticket.sql',-520795557,'root','2022-03-01 23:18:17',45,1),
	(10,'1.0','bs gx','SQL','V1.0__bs_gx.sql',-954513044,'root','2022-03-01 23:18:17',60,1),
	(11,'1.1','bs gx type','SQL','V1.1__bs_gx_type.sql',1442724170,'root','2022-03-01 23:18:17',24,1),
	(12,'1.2','zs process','SQL','V1.2__zs_process.sql',-700827793,'root','2022-03-01 23:18:17',30,1),
	(13,'1.3','zs product','SQL','V1.3__zs_product.sql',1805637231,'root','2022-03-01 23:18:17',42,1),
	(14,'1.4','zs ticket copy','SQL','V1.4__zs_ticket_copy.sql',1799931675,'root','2022-03-01 23:18:17',31,1),
	(15,'1.5','bs brand','SQL','V1.5__bs_brand.sql',-1801275622,'root','2022-03-01 23:18:17',31,1);

/*!40000 ALTER TABLE `flyway_schema_history` ENABLE KEYS */;
UNLOCK TABLES;


# Dump of table zs_process
# ------------------------------------------------------------

DROP TABLE IF EXISTS `zs_process`;

CREATE TABLE `zs_process` (
  `id` bigint(20) NOT NULL,
  `gx_id` bigint(20) DEFAULT NULL,
  `user_id` bigint(20) DEFAULT NULL,
  `corporation_id` bigint(20) DEFAULT NULL,
  `price` decimal(20,4) DEFAULT NULL,
  `price_add` decimal(20,4) DEFAULT NULL,
  `index_key` smallint(6) DEFAULT NULL COMMENT '顺序',
  `type` int(4) DEFAULT NULL,
  `start_time` datetime DEFAULT NULL,
  `end_time` datetime DEFAULT NULL,
  `update_time` datetime DEFAULT NULL,
  `state` int(4) DEFAULT NULL,
  `product_id` bigint(20) DEFAULT NULL,
  `ticket_id` bigint(20) DEFAULT NULL,
  `flag` smallint(6) DEFAULT NULL COMMENT '逻辑删除',
  PRIMARY KEY (`id`)
) ENGINE=InnoDB DEFAULT CHARSET=utf8;

LOCK TABLES `zs_process` WRITE;
/*!40000 ALTER TABLE `zs_process` DISABLE KEYS */;

INSERT INTO `zs_process` (`id`, `gx_id`, `user_id`, `corporation_id`, `price`, `price_add`, `index_key`, `type`, `start_time`, `end_time`, `update_time`, `state`, `product_id`, `ticket_id`, `flag`)
VALUES
	(392665174693253120,286212849657843712,NULL,274257007794589696,64.0000,0.0000,0,NULL,NULL,NULL,NULL,1601,NULL,392665173523042304,NULL),
	(392665174886191104,286212903428820992,NULL,274257007794589696,20.0000,0.0000,1,NULL,NULL,NULL,NULL,1601,NULL,392665173523042304,NULL),
	(392665174991048704,286212949171900416,NULL,274257007794589696,24.0000,0.0000,2,NULL,NULL,NULL,NULL,1601,NULL,392665173523042304,NULL),
	(392665175074934784,286212998249451520,NULL,274257007794589696,8.0000,0.0000,3,NULL,NULL,NULL,NULL,1601,NULL,392665173523042304,NULL),
	(392665175154626560,286213045905133568,NULL,274257007794589696,8.0000,0.0000,4,NULL,NULL,NULL,NULL,1601,NULL,392665173523042304,NULL),
	(392665175314010112,286213103362904064,NULL,274257007794589696,8.0000,0.0000,5,NULL,NULL,NULL,NULL,1601,NULL,392665173523042304,NULL),
	(392665175406284800,286213469001355264,NULL,274257007794589696,12.0000,0.0000,6,NULL,NULL,NULL,NULL,1601,NULL,392665173523042304,NULL),
	(392665175729246208,286213515331637248,NULL,274257007794589696,8.0000,0.0000,7,NULL,NULL,NULL,NULL,1601,NULL,392665173523042304,NULL),
	(392665175930572800,286213588165726208,NULL,274257007794589696,8.0000,0.0000,8,NULL,NULL,NULL,NULL,1601,NULL,392665173523042304,NULL),
	(392665176010264576,286213627218890752,NULL,274257007794589696,12.0000,0.0000,9,NULL,NULL,NULL,NULL,1601,NULL,392665173523042304,NULL),
	(392665176186425344,286213689990844416,NULL,274257007794589696,12.0000,0.0000,10,NULL,NULL,NULL,NULL,1601,NULL,392665173523042304,NULL),
	(392665176257728512,286213733473193984,NULL,274257007794589696,8.0000,0.0000,11,NULL,NULL,NULL,NULL,1601,NULL,392665173523042304,NULL),
	(392665176320643072,333780945826091008,NULL,274257007794589696,8.0000,0.0000,12,NULL,NULL,NULL,NULL,1601,NULL,392665173523042304,NULL),
	(392665176391946240,286213779501486080,NULL,274257007794589696,12.0000,0.0000,13,NULL,NULL,NULL,NULL,1601,NULL,392665173523042304,NULL),
	(392665176538746880,286213813966082048,NULL,274257007794589696,24.0000,0.0000,14,NULL,NULL,NULL,NULL,1601,NULL,392665173523042304,NULL),
	(392665176643604480,286213868068409344,NULL,274257007794589696,8.0000,0.0000,15,NULL,NULL,NULL,NULL,1601,NULL,392665173523042304,NULL),
	(392665176727490560,286213925287104512,NULL,274257007794589696,48.0000,0.0000,16,NULL,NULL,NULL,NULL,1601,NULL,392665173523042304,NULL),
	(392665176782016512,286213987002093568,NULL,274257007794589696,24.0000,0.0000,17,NULL,NULL,NULL,NULL,1601,NULL,392665173523042304,NULL),
	(392665176836542464,286214037161775104,NULL,274257007794589696,12.0000,0.0000,18,NULL,NULL,NULL,NULL,1601,NULL,392665173523042304,NULL),
	(392665176958177280,333934239470981120,NULL,274257007794589696,8.0000,0.0000,19,NULL,NULL,NULL,NULL,1601,NULL,392665173523042304,NULL),
	(392665177016897536,286214151708217344,NULL,274257007794589696,92.0000,0.0000,20,NULL,NULL,NULL,NULL,1601,NULL,392665173523042304,NULL),
	(437978496363532288,286212849657843712,329966652353548288,274257007794589696,28.0000,0.0000,0,NULL,NULL,NULL,'2022-02-21 10:29:47',1602,NULL,437978494966829056,NULL),
	(437978496418058240,286212903428820992,329966882364985344,274257007794589696,17.0000,0.0000,1,NULL,NULL,NULL,'2022-02-21 10:29:49',1602,NULL,437978494966829056,NULL),
	(437978496468389888,286212949171900416,329967015764824064,274257007794589696,24.0000,0.0000,2,NULL,NULL,NULL,'2022-02-21 10:29:52',1602,NULL,437978494966829056,NULL),
	(437978496548081664,286212998249451520,329967172166225920,274257007794589696,8.0000,0.0000,3,NULL,NULL,NULL,'2022-02-21 10:29:54',1602,NULL,437978494966829056,NULL),
	(437978496615190528,286213045905133568,329967285232078848,274257007794589696,8.0000,0.0000,4,NULL,NULL,NULL,'2022-02-21 10:30:01',1602,NULL,437978494966829056,NULL),
	(437978496732631040,286213103362904064,NULL,274257007794589696,8.0000,0.0000,5,NULL,NULL,NULL,NULL,1601,NULL,437978494966829056,NULL),
	(437978496829100032,286213469001355264,NULL,274257007794589696,12.0000,0.0000,6,NULL,NULL,NULL,NULL,1601,NULL,437978494966829056,NULL),
	(437978496950734848,286213515331637248,NULL,274257007794589696,8.0000,0.0000,7,NULL,NULL,NULL,NULL,1601,NULL,437978494966829056,NULL),
	(437978497143672832,286213588165726208,NULL,274257007794589696,8.0000,0.0000,8,NULL,NULL,NULL,NULL,1601,NULL,437978494966829056,NULL),
	(437978497269501952,286213627218890752,NULL,274257007794589696,12.0000,0.0000,9,NULL,NULL,NULL,NULL,1601,NULL,437978494966829056,NULL),
	(437978497374359552,286213689990844416,NULL,274257007794589696,12.0000,0.0000,10,NULL,NULL,NULL,NULL,1601,NULL,437978494966829056,NULL),
	(437978497449857024,286213733473193984,NULL,274257007794589696,8.0000,0.0000,11,NULL,NULL,NULL,NULL,1601,NULL,437978494966829056,NULL),
	(437978497575686144,333780945826091008,NULL,274257007794589696,8.0000,0.0000,12,NULL,NULL,NULL,NULL,1601,NULL,437978494966829056,NULL),
	(437978497617629184,286213779501486080,NULL,274257007794589696,12.0000,0.0000,13,NULL,NULL,NULL,NULL,1601,NULL,437978494966829056,NULL),
	(437978497672155136,286213813966082048,NULL,274257007794589696,24.0000,0.0000,14,NULL,NULL,NULL,NULL,1601,NULL,437978494966829056,NULL),
	(437978497735069696,286213868068409344,NULL,274257007794589696,8.0000,0.0000,15,NULL,NULL,NULL,NULL,1601,NULL,437978494966829056,NULL),
	(437978497814761472,286213925287104512,NULL,274257007794589696,48.0000,0.0000,16,NULL,NULL,NULL,NULL,1601,NULL,437978494966829056,NULL),
	(437978497860898816,286213987002093568,NULL,274257007794589696,24.0000,0.0000,17,NULL,NULL,NULL,NULL,1601,NULL,437978494966829056,NULL),
	(437978497902841856,286214037161775104,NULL,274257007794589696,12.0000,0.0000,18,NULL,NULL,NULL,NULL,1601,NULL,437978494966829056,NULL),
	(437978497974145024,333934239470981120,NULL,274257007794589696,8.0000,0.0000,19,NULL,NULL,NULL,NULL,1601,NULL,437978494966829056,NULL),
	(437978498028670976,286214151708217344,NULL,274257007794589696,92.0000,0.0000,20,NULL,NULL,NULL,NULL,1601,NULL,437978494966829056,NULL),
	(693218204960559104,286212849657843700,NULL,274257007794589696,0.0000,0.0000,0,NULL,NULL,NULL,NULL,1601,NULL,693218203891011600,NULL),
	(693218205036056576,286212903428821000,NULL,274257007794589696,0.0000,0.0000,1,NULL,NULL,NULL,NULL,1601,NULL,693218203891011600,NULL),
	(693218205111554048,286212949171900400,NULL,274257007794589696,0.0000,0.0000,2,NULL,NULL,NULL,NULL,1601,NULL,693218203891011600,NULL),
	(693218205224800256,286212998249451520,NULL,274257007794589696,0.0000,0.0000,3,NULL,NULL,NULL,NULL,1601,NULL,693218203891011600,NULL),
	(693218205363212288,286213045905133570,NULL,274257007794589696,0.0000,0.0000,4,NULL,NULL,NULL,NULL,1601,NULL,693218203891011600,NULL),
	(693218205463875584,286213103362904060,NULL,274257007794589696,0.0000,0.0000,5,NULL,NULL,NULL,NULL,1601,NULL,693218203891011600,NULL),
	(693218205539373056,286213469001355260,NULL,274257007794589696,0.0000,0.0000,6,NULL,NULL,NULL,NULL,1601,NULL,693218203891011600,NULL),
	(693218205740699648,286213515331637250,NULL,274257007794589696,0.0000,0.0000,7,NULL,NULL,NULL,NULL,1601,NULL,693218203891011600,NULL),
	(693218205828780032,286213588165726200,NULL,274257007794589696,0.0000,0.0000,8,NULL,NULL,NULL,NULL,1601,NULL,693218203891011600,NULL),
	(693218205921054720,286213627218890750,NULL,274257007794589696,0.0000,0.0000,9,NULL,NULL,NULL,NULL,1601,NULL,693218203891011600,NULL),
	(693218206013329408,286213689990844400,NULL,274257007794589696,0.0000,0.0000,10,NULL,NULL,NULL,NULL,1601,NULL,693218203891011600,NULL),
	(693218206206267392,286213733473194000,NULL,274257007794589696,0.0000,0.0000,11,NULL,NULL,NULL,NULL,1601,NULL,693218203891011600,NULL),
	(693218206273376256,333780945826091000,NULL,274257007794589696,0.0000,0.0000,12,NULL,NULL,NULL,NULL,1601,NULL,693218203891011600,NULL),
	(693218206357262336,286213779501486080,NULL,274257007794589696,0.0000,0.0000,13,NULL,NULL,NULL,NULL,1601,NULL,693218203891011600,NULL),
	(693218206420176896,286213813966082050,NULL,274257007794589696,0.0000,0.0000,14,NULL,NULL,NULL,NULL,1601,NULL,693218203891011600,NULL),
	(693218206650863616,286213868068409340,NULL,274257007794589696,0.0000,0.0000,15,NULL,NULL,NULL,NULL,1601,NULL,693218203891011600,NULL),
	(693218206717972480,286213925287104500,NULL,274257007794589696,0.0000,0.0000,16,NULL,NULL,NULL,NULL,1601,NULL,693218203891011600,NULL),
	(693218206768304128,286213987002093570,NULL,274257007794589696,0.0000,0.0000,17,NULL,NULL,NULL,NULL,1601,NULL,693218203891011600,NULL),
	(693218206818635776,286214037161775100,NULL,274257007794589696,0.0000,0.0000,18,NULL,NULL,NULL,NULL,1601,NULL,693218203891011600,NULL),
	(693218206852190208,333934239470981100,NULL,274257007794589696,0.0000,0.0000,19,NULL,NULL,NULL,NULL,1601,NULL,693218203891011600,NULL),
	(693218206994796544,286214151708217340,NULL,274257007794589696,0.0000,0.0000,20,NULL,NULL,NULL,NULL,1601,NULL,693218203891011600,NULL),
	(693823907324628992,286212849657843712,329966652353548288,274257007794589696,4.0000,0.0000,0,NULL,NULL,NULL,'2022-02-23 23:31:51',1602,NULL,693823906208944128,NULL),
	(693823907429486592,286212903428820992,329966652353548288,274257007794589696,1.2000,0.0000,1,NULL,NULL,NULL,'2022-02-24 01:36:18',1602,NULL,693823906208944128,NULL),
	(693823907651784704,286212949171900416,329967015764824064,274257007794589696,10.0000,0.0000,2,NULL,NULL,NULL,'2022-02-27 02:03:30',1602,NULL,693823906208944128,NULL),
	(693823907752448000,286212998249451520,329967172166225920,274257007794589696,7.0000,0.0000,3,NULL,NULL,NULL,'2022-02-23 23:56:48',1602,NULL,693823906208944128,NULL),
	(693823907827945472,286213045905133568,693858087928467456,274257007794589696,7.5000,0.0000,4,NULL,NULL,NULL,'2022-02-24 01:43:26',1602,NULL,693823906208944128,NULL),
	(693823907882471424,286213103362904064,693830339231092736,274257007794589696,4.0000,0.0000,5,NULL,NULL,NULL,'2022-02-23 23:56:51',1602,NULL,693823906208944128,NULL),
	(693823907932803072,286213469001355264,693860544586846208,274257007794589696,1.5000,0.0000,6,NULL,NULL,NULL,'2022-02-24 01:43:39',1602,NULL,693823906208944128,NULL),
	(693823907987329024,286213515331637248,693860544586846208,274257007794589696,2.5000,0.0000,7,NULL,NULL,NULL,'2022-02-23 23:57:06',1602,NULL,693823906208944128,NULL),
	(693823908067020800,286213588165726208,NULL,274257007794589696,0.0000,NULL,8,NULL,NULL,NULL,NULL,1601,NULL,693823906208944128,NULL),
	(693823908125741056,286213627218890752,693858757653958656,274257007794589696,0.0000,0.0000,9,NULL,NULL,NULL,'2022-02-24 01:43:49',1602,NULL,693823906208944128,NULL),
	(693823908289318912,286213689990844416,693860544586846208,274257007794589696,1.0000,0.0000,10,NULL,NULL,NULL,'2022-02-24 01:43:57',1602,NULL,693823906208944128,NULL),
	(693823908364816384,286213733473193984,693860544586846208,274257007794589696,2.0000,0.0000,11,NULL,NULL,NULL,'2022-02-23 23:57:16',1602,NULL,693823906208944128,NULL),
	(693823908419342336,333780945826091008,693860544586846208,274257007794589696,0.0000,0.0000,12,NULL,NULL,NULL,'2022-02-24 01:44:05',1602,NULL,693823906208944128,NULL),
	(693823908486451200,286213779501486080,693866366830252032,274257007794589696,35.0000,0.0000,13,NULL,NULL,NULL,'2022-02-23 23:57:18',1602,NULL,693823906208944128,NULL),
	(693823908553560064,286213813966082048,693867034647334912,274257007794589696,0.0000,0.0000,14,NULL,NULL,NULL,'2022-02-24 01:44:11',1602,NULL,693823906208944128,NULL),
	(693823908624863232,286213868068409344,693869449727578112,274257007794589696,120.0000,0.0000,15,NULL,NULL,NULL,'2022-02-23 23:57:23',1602,NULL,693823906208944128,NULL),
	(693823908712943616,286213925287104512,693867239111266304,274257007794589696,0.0000,0.0000,16,NULL,NULL,NULL,'2022-02-24 01:44:14',1602,NULL,693823906208944128,NULL),
	(693823908767469568,286213987002093568,693868047320092672,274257007794589696,0.0000,0.0000,17,NULL,NULL,NULL,'2022-02-24 01:44:16',1602,NULL,693823906208944128,NULL),
	(693823908821995520,286214037161775104,693868326337777664,274257007794589696,0.0000,0.0000,18,NULL,NULL,NULL,'2022-02-24 01:44:19',1602,NULL,693823906208944128,NULL),
	(693823908880715776,333934239470981120,693827117225480192,274257007794589696,0.0000,0.0000,19,NULL,NULL,NULL,'2022-02-24 01:44:21',1602,NULL,693823906208944128,NULL),
	(693823908939436032,286214151708217344,693868627899846656,274257007794589696,6.0000,0.0000,20,NULL,NULL,NULL,'2022-02-23 23:57:31',1602,NULL,693823906208944128,NULL),
	(694207476379291648,694175695676510208,693862029240438784,274257007794589696,0.0000,0.0000,1,NULL,NULL,NULL,'2022-02-24 01:42:19',1602,NULL,693823906208944128,NULL),
	(694207476693864448,694175582094757888,693859748113682432,274257007794589696,0.0000,0.0000,7,NULL,NULL,NULL,'2022-02-24 01:44:22',1602,NULL,693823906208944128,NULL),
	(694207476769361920,694175460388638720,693859748113682432,274257007794589696,0.0000,0.0000,8,NULL,NULL,NULL,'2022-02-24 01:43:52',1602,NULL,693823906208944128,NULL),
	(694207477071351808,694175768003088384,694191385481449472,274257007794589696,120.0000,0.0000,12,NULL,NULL,NULL,'2022-02-23 23:56:57',1602,NULL,693823906208944128,NULL),
	(694213207413362688,286212849657843712,NULL,274257007794589696,0.0000,0.0000,0,NULL,NULL,NULL,NULL,1601,NULL,694213206624833536,NULL),
	(694213207476277248,694175695676510208,NULL,274257007794589696,0.0000,0.0000,1,NULL,NULL,NULL,NULL,1601,NULL,694213206624833536,NULL),
	(694213207526608896,286212998249451520,NULL,274257007794589696,0.0000,0.0000,2,NULL,NULL,NULL,NULL,1601,NULL,694213206624833536,NULL),
	(694213207572746240,286213045905133568,NULL,274257007794589696,0.0000,0.0000,3,NULL,NULL,NULL,NULL,1601,NULL,694213206624833536,NULL),
	(694213207627272192,286213103362904064,NULL,274257007794589696,0.0000,0.0000,4,NULL,NULL,NULL,NULL,1601,NULL,694213206624833536,NULL),
	(694213207677603840,286212903428820992,NULL,274257007794589696,0.0000,0.0000,5,NULL,NULL,NULL,NULL,1601,NULL,694213206624833536,NULL),
	(694213207723741184,286212949171900416,NULL,274257007794589696,0.0000,0.0000,6,NULL,NULL,NULL,NULL,1601,NULL,694213206624833536,NULL),
	(694213207769878528,694175582094757888,NULL,274257007794589696,0.0000,0.0000,7,NULL,NULL,NULL,NULL,1601,NULL,694213206624833536,NULL),
	(694213207816015872,694175460388638720,NULL,274257007794589696,0.0000,0.0000,8,NULL,NULL,NULL,NULL,1601,NULL,694213206624833536,NULL),
	(694213207857958912,286213515331637248,NULL,274257007794589696,0.0000,0.0000,9,NULL,NULL,NULL,NULL,1601,NULL,694213206624833536,NULL),
	(694213207904096256,286213469001355264,NULL,274257007794589696,0.0000,0.0000,10,NULL,NULL,NULL,NULL,1601,NULL,694213206624833536,NULL),
	(694213207962816512,286213627218890752,NULL,274257007794589696,0.0000,0.0000,11,NULL,NULL,NULL,NULL,1601,NULL,694213206624833536,NULL),
	(694213208004759552,694175768003088384,NULL,274257007794589696,0.0000,0.0000,12,NULL,NULL,NULL,NULL,1601,NULL,694213206624833536,NULL),
	(694213208046702592,286213689990844416,NULL,274257007794589696,0.0000,0.0000,13,NULL,NULL,NULL,NULL,1601,NULL,694213206624833536,NULL),
	(694213208092839936,333780945826091008,NULL,274257007794589696,0.0000,0.0000,14,NULL,NULL,NULL,NULL,1601,NULL,694213206624833536,NULL),
	(694213208134782976,286213733473193984,NULL,274257007794589696,0.0000,0.0000,15,NULL,NULL,NULL,NULL,1601,NULL,694213206624833536,NULL),
	(694213208176726016,286213779501486080,NULL,274257007794589696,0.0000,0.0000,16,NULL,NULL,NULL,NULL,1601,NULL,694213206624833536,NULL),
	(694213208218669056,286213813966082048,NULL,274257007794589696,0.0000,0.0000,17,NULL,NULL,NULL,NULL,1601,NULL,694213206624833536,NULL),
	(694213208264806400,286213868068409344,NULL,274257007794589696,0.0000,0.0000,18,NULL,NULL,NULL,NULL,1601,NULL,694213206624833536,NULL),
	(694213208306749440,286213925287104512,NULL,274257007794589696,0.0000,0.0000,19,NULL,NULL,NULL,NULL,1601,NULL,694213206624833536,NULL),
	(694213208344498176,286213987002093568,NULL,274257007794589696,0.0000,0.0000,20,NULL,NULL,NULL,NULL,1601,NULL,694213206624833536,NULL),
	(694213208390635520,286214037161775104,NULL,274257007794589696,0.0000,0.0000,21,NULL,NULL,NULL,NULL,1601,NULL,694213206624833536,NULL),
	(694213208432578560,333934239470981120,NULL,274257007794589696,0.0000,0.0000,22,NULL,NULL,NULL,NULL,1601,NULL,694213206624833536,NULL),
	(694213208478715904,286214151708217344,NULL,274257007794589696,0.0000,0.0000,23,NULL,NULL,NULL,NULL,1601,NULL,694213206624833536,NULL),
	(694250456922329088,694244540802011136,NULL,274257007794589696,0.0000,0.0000,6,NULL,NULL,NULL,NULL,1601,NULL,693823906208944128,NULL),
	(694718232745086976,694175695676510208,NULL,274257007794589696,0.0000,0.0000,2,NULL,NULL,NULL,NULL,1601,NULL,437978494966829056,NULL),
	(694718232820584448,694244540802011136,NULL,274257007794589696,0.0000,0.0000,6,NULL,NULL,NULL,NULL,1601,NULL,437978494966829056,NULL),
	(694718232912859136,694175460388638720,NULL,274257007794589696,0.0000,0.0000,11,NULL,NULL,NULL,NULL,1601,NULL,437978494966829056,NULL),
	(694718233055465472,694175768003088384,NULL,274257007794589696,0.0000,0.0000,20,NULL,NULL,NULL,NULL,1601,NULL,437978494966829056,NULL),
	(694718233118380032,694175582094757888,NULL,274257007794589696,0.0000,0.0000,23,NULL,NULL,NULL,NULL,1601,NULL,437978494966829056,NULL),
	(696043692447895552,286212849657843712,NULL,274257007794589696,4.0000,0.0000,0,NULL,NULL,NULL,NULL,1601,NULL,696043691697115136,NULL),
	(696043692494032896,286212949171900416,NULL,274257007794589696,10.0000,0.0000,1,NULL,NULL,NULL,NULL,1601,NULL,696043691697115136,NULL),
	(696043692590501888,694175695676510208,NULL,274257007794589696,0.0000,0.0000,2,NULL,NULL,NULL,NULL,1601,NULL,696043691697115136,NULL),
	(696043692670193664,286212998249451520,NULL,274257007794589696,7.0000,0.0000,3,NULL,NULL,NULL,NULL,1601,NULL,696043691697115136,NULL),
	(696043692720525312,286213045905133568,NULL,274257007794589696,7.5000,0.0000,4,NULL,NULL,NULL,NULL,1601,NULL,696043691697115136,NULL),
	(696043692779245568,286213103362904064,NULL,274257007794589696,4.0000,0.0000,5,NULL,NULL,NULL,NULL,1601,NULL,696043691697115136,NULL),
	(696043692850548736,694244540802011136,NULL,274257007794589696,0.0000,0.0000,6,NULL,NULL,NULL,NULL,1601,NULL,696043691697115136,NULL),
	(696043692905074688,286213469001355264,NULL,274257007794589696,1.5000,0.0000,7,NULL,NULL,NULL,NULL,1601,NULL,696043691697115136,NULL),
	(696043693106401280,286213515331637248,NULL,274257007794589696,2.5000,0.0000,8,NULL,NULL,NULL,NULL,1601,NULL,696043691697115136,NULL),
	(696043693165121536,286212903428820992,NULL,274257007794589696,1.2000,0.0000,9,NULL,NULL,NULL,NULL,1601,NULL,696043691697115136,NULL),
	(696043693215453184,286213627218890752,NULL,274257007794589696,0.0000,0.0000,10,NULL,NULL,NULL,NULL,1601,NULL,696043691697115136,NULL),
	(696043693265784832,694175460388638720,NULL,274257007794589696,30.0000,-30.0000,11,NULL,NULL,NULL,NULL,1601,NULL,696043691697115136,NULL),
	(696043693311922176,286213689990844416,NULL,274257007794589696,1.0000,0.0000,12,NULL,NULL,NULL,NULL,1601,NULL,696043691697115136,NULL),
	(696043693379031040,333780945826091008,NULL,274257007794589696,0.0000,0.0000,13,NULL,NULL,NULL,NULL,1601,NULL,696043691697115136,NULL),
	(696043693433556992,286213733473193984,NULL,274257007794589696,2.0000,0.0000,14,NULL,NULL,NULL,NULL,1601,NULL,696043691697115136,NULL),
	(696043693496471552,286213779501486080,NULL,274257007794589696,35.0000,0.0000,15,NULL,NULL,NULL,NULL,1601,NULL,696043691697115136,NULL),
	(696043693622300672,286213813966082048,NULL,274257007794589696,0.0000,0.0000,16,NULL,NULL,NULL,NULL,1601,NULL,696043691697115136,NULL),
	(696043693685215232,286213868068409344,NULL,274257007794589696,120.0000,0.0000,17,NULL,NULL,NULL,NULL,1601,NULL,696043691697115136,NULL),
	(696043693735546880,286213925287104512,NULL,274257007794589696,0.0000,0.0000,18,NULL,NULL,NULL,NULL,1601,NULL,696043691697115136,NULL),
	(696043693781684224,286213987002093568,NULL,274257007794589696,14.0000,-14.0000,19,NULL,NULL,NULL,NULL,1601,NULL,696043691697115136,NULL),
	(696043693823627264,694175768003088384,NULL,274257007794589696,120.0000,0.0000,20,NULL,NULL,NULL,NULL,1601,NULL,696043691697115136,NULL),
	(696043693865570304,286214037161775104,NULL,274257007794589696,0.0000,0.0000,21,NULL,NULL,NULL,NULL,1601,NULL,696043691697115136,NULL),
	(696043693907513344,333934239470981120,NULL,274257007794589696,0.0000,0.0000,22,NULL,NULL,NULL,NULL,1601,NULL,696043691697115136,NULL),
	(696043693949456384,694175582094757888,NULL,274257007794589696,0.0000,0.0000,23,NULL,NULL,NULL,NULL,1601,NULL,696043691697115136,NULL),
	(696043694016565248,286214151708217344,NULL,274257007794589696,6.0000,0.0000,24,NULL,NULL,NULL,NULL,1601,NULL,696043691697115136,NULL),
	(696047505741320192,286212849657843712,NULL,274257007794589696,4.0000,0.0000,0,NULL,NULL,NULL,NULL,1601,NULL,696047505015705600,NULL),
	(696047505808429056,286212949171900416,NULL,274257007794589696,10.0000,0.0000,1,NULL,NULL,NULL,NULL,1601,NULL,696047505015705600,NULL),
	(696047505854566400,694175695676510208,NULL,274257007794589696,0.0000,0.0000,2,NULL,NULL,NULL,NULL,1601,NULL,696047505015705600,NULL),
	(696047505892315136,286212998249451520,NULL,274257007794589696,7.0000,0.0000,3,NULL,NULL,NULL,NULL,1601,NULL,696047505015705600,NULL),
	(696047505938452480,286213045905133568,NULL,274257007794589696,7.5000,0.0000,4,NULL,NULL,NULL,NULL,1601,NULL,696047505015705600,NULL),
	(696047505980395520,286213103362904064,NULL,274257007794589696,4.0000,0.0000,5,NULL,NULL,NULL,NULL,1601,NULL,696047505015705600,NULL),
	(696047506022338560,694244540802011136,NULL,274257007794589696,0.0000,0.0000,6,NULL,NULL,NULL,NULL,1601,NULL,696047505015705600,NULL),
	(696047506068475904,286213469001355264,NULL,274257007794589696,1.5000,0.0000,7,NULL,NULL,NULL,NULL,1601,NULL,696047505015705600,NULL),
	(696047506106224640,286213515331637248,NULL,274257007794589696,2.5000,0.0000,8,NULL,NULL,NULL,NULL,1601,NULL,696047505015705600,NULL),
	(696047506148167680,286212903428820992,NULL,274257007794589696,1.2000,0.0000,9,NULL,NULL,NULL,NULL,1601,NULL,696047505015705600,NULL),
	(696047506198499328,286213627218890752,NULL,274257007794589696,0.0000,0.0000,10,NULL,NULL,NULL,NULL,1601,NULL,696047505015705600,NULL),
	(696047506236248064,694175460388638720,NULL,274257007794589696,0.0000,0.0000,11,NULL,NULL,NULL,NULL,1601,NULL,696047505015705600,NULL),
	(696047506273996800,286213689990844416,NULL,274257007794589696,1.0000,0.0000,12,NULL,NULL,NULL,NULL,1601,NULL,696047505015705600,NULL),
	(696047506307551232,333780945826091008,NULL,274257007794589696,0.0000,0.0000,13,NULL,NULL,NULL,NULL,1601,NULL,696047505015705600,NULL),
	(696047506353688576,286213733473193984,NULL,274257007794589696,2.0000,0.0000,14,NULL,NULL,NULL,NULL,1601,NULL,696047505015705600,NULL),
	(696047506391437312,286213779501486080,NULL,274257007794589696,35.0000,0.0000,15,NULL,NULL,NULL,NULL,1601,NULL,696047505015705600,NULL),
	(696047506429186048,286213813966082048,NULL,274257007794589696,0.0000,0.0000,16,NULL,NULL,NULL,NULL,1601,NULL,696047505015705600,NULL),
	(696047506466934784,286213868068409344,NULL,274257007794589696,120.0000,0.0000,17,NULL,NULL,NULL,NULL,1601,NULL,696047505015705600,NULL),
	(696047506504683520,286213925287104512,NULL,274257007794589696,0.0000,0.0000,18,NULL,NULL,NULL,NULL,1601,NULL,696047505015705600,NULL),
	(696047506542432256,286213987002093568,NULL,274257007794589696,0.0000,0.0000,19,NULL,NULL,NULL,NULL,1601,NULL,696047505015705600,NULL),
	(696047506584375296,694175768003088384,NULL,274257007794589696,120.0000,0.0000,20,NULL,NULL,NULL,NULL,1601,NULL,696047505015705600,NULL),
	(696047506622124032,286214037161775104,NULL,274257007794589696,0.0000,0.0000,21,NULL,NULL,NULL,NULL,1601,NULL,696047505015705600,NULL),
	(696047506659872768,333934239470981120,NULL,274257007794589696,0.0000,0.0000,22,NULL,NULL,NULL,NULL,1601,NULL,696047505015705600,NULL),
	(696047506701815808,694175582094757888,NULL,274257007794589696,0.0000,0.0000,23,NULL,NULL,NULL,NULL,1601,NULL,696047505015705600,NULL),
	(696047506739564544,286214151708217344,NULL,274257007794589696,6.0000,0.0000,24,NULL,NULL,NULL,NULL,1601,NULL,696047505015705600,NULL),
	(696048200808796160,286212849657843712,NULL,274257007794589696,4.0000,0.0000,0,NULL,NULL,NULL,NULL,1601,NULL,696048200209010688,NULL),
	(696048200863322112,286212949171900416,NULL,274257007794589696,10.0000,0.0000,1,NULL,NULL,NULL,NULL,1601,NULL,696048200209010688,NULL),
	(696048200901070848,694175695676510208,NULL,274257007794589696,0.0000,0.0000,2,NULL,NULL,NULL,NULL,1601,NULL,696048200209010688,NULL),
	(696048200938819584,286212998249451520,NULL,274257007794589696,7.0000,0.0000,3,NULL,NULL,NULL,NULL,1601,NULL,696048200209010688,NULL),
	(696048200980762624,286213045905133568,NULL,274257007794589696,7.5000,0.0000,4,NULL,NULL,NULL,NULL,1601,NULL,696048200209010688,NULL),
	(696048201018511360,286213103362904064,NULL,274257007794589696,4.0000,0.0000,5,NULL,NULL,NULL,NULL,1601,NULL,696048200209010688,NULL),
	(696048201064648704,694244540802011136,NULL,274257007794589696,0.0000,0.0000,6,NULL,NULL,NULL,NULL,1601,NULL,696048200209010688,NULL),
	(696048201102397440,286213469001355264,NULL,274257007794589696,1.5000,0.0000,7,NULL,NULL,NULL,NULL,1601,NULL,696048200209010688,NULL),
	(696048201144340480,286213515331637248,NULL,274257007794589696,2.5000,0.0000,8,NULL,NULL,NULL,NULL,1601,NULL,696048200209010688,NULL),
	(696048201186283520,286212903428820992,NULL,274257007794589696,1.2000,0.0000,9,NULL,NULL,NULL,NULL,1601,NULL,696048200209010688,NULL),
	(696048201228226560,286213627218890752,NULL,274257007794589696,0.0000,0.0000,10,NULL,NULL,NULL,NULL,1601,NULL,696048200209010688,NULL),
	(696048201270169600,694175460388638720,NULL,274257007794589696,0.0000,0.0000,11,NULL,NULL,NULL,NULL,1601,NULL,696048200209010688,NULL),
	(696048201307918336,286213689990844416,NULL,274257007794589696,1.0000,0.0000,12,NULL,NULL,NULL,NULL,1601,NULL,696048200209010688,NULL),
	(696048201349861376,333780945826091008,NULL,274257007794589696,0.0000,0.0000,13,NULL,NULL,NULL,NULL,1601,NULL,696048200209010688,NULL),
	(696048201391804416,286213733473193984,NULL,274257007794589696,2.0000,0.0000,14,NULL,NULL,NULL,NULL,1601,NULL,696048200209010688,NULL),
	(696048201433747456,286213779501486080,NULL,274257007794589696,35.0000,0.0000,15,NULL,NULL,NULL,NULL,1601,NULL,696048200209010688,NULL),
	(696048201475690496,286213813966082048,NULL,274257007794589696,0.0000,0.0000,16,NULL,NULL,NULL,NULL,1601,NULL,696048200209010688,NULL),
	(696048201521827840,286213868068409344,NULL,274257007794589696,120.0000,0.0000,17,NULL,NULL,NULL,NULL,1601,NULL,696048200209010688,NULL),
	(696048201572159488,286213925287104512,NULL,274257007794589696,0.0000,0.0000,18,NULL,NULL,NULL,NULL,1601,NULL,696048200209010688,NULL),
	(696048201626685440,286213987002093568,NULL,274257007794589696,0.0000,0.0000,19,NULL,NULL,NULL,NULL,1601,NULL,696048200209010688,NULL),
	(696048201681211392,694175768003088384,NULL,274257007794589696,120.0000,0.0000,20,NULL,NULL,NULL,NULL,1601,NULL,696048200209010688,NULL),
	(696048201731543040,286214037161775104,NULL,274257007794589696,0.0000,0.0000,21,NULL,NULL,NULL,NULL,1601,NULL,696048200209010688,NULL),
	(696048201786068992,333934239470981120,NULL,274257007794589696,0.0000,0.0000,22,NULL,NULL,NULL,NULL,1601,NULL,696048200209010688,NULL),
	(696048201836400640,694175582094757888,NULL,274257007794589696,0.0000,0.0000,23,NULL,NULL,NULL,NULL,1601,NULL,696048200209010688,NULL),
	(696048201886732288,286214151708217344,NULL,274257007794589696,6.0000,0.0000,24,NULL,NULL,NULL,NULL,1601,NULL,696048200209010688,NULL);

/*!40000 ALTER TABLE `zs_process` ENABLE KEYS */;
UNLOCK TABLES;


# Dump of table zs_product
# ------------------------------------------------------------

DROP TABLE IF EXISTS `zs_product`;

CREATE TABLE `zs_product` (
  `id` bigint(20) NOT NULL,
  `name` varchar(45) DEFAULT NULL,
  `door_id` bigint(20) DEFAULT NULL,
  `process_ids` varchar(450) DEFAULT NULL,
  `img` varchar(45) DEFAULT NULL,
  `mark` varchar(450) DEFAULT NULL,
  `start_time` datetime DEFAULT NULL,
  `end_time` datetime DEFAULT NULL,
  `corporation_id` bigint(20) DEFAULT NULL,
  `cover_width` int(11) DEFAULT NULL,
  `cover_height` int(11) DEFAULT NULL,
  `cover_depth` int(11) DEFAULT NULL,
  `width` int(11) DEFAULT NULL,
  `height` int(11) DEFAULT NULL,
  `lb_width` int(11) DEFAULT NULL,
  `lb_height` int(11) DEFAULT NULL,
  `db_width` int(11) DEFAULT NULL,
  `db_height` int(11) DEFAULT NULL,
  `color_id` bigint(20) DEFAULT NULL,
  `line_id` bigint(20) DEFAULT NULL,
  `line_sum` int(11) DEFAULT NULL,
  `productcol` varchar(45) DEFAULT NULL,
  `type` int(11) DEFAULT NULL,
  `module_id` bigint(20) DEFAULT NULL,
  `state` int(4) DEFAULT NULL,
  `lb_sum` int(11) DEFAULT NULL,
  `db_sum` int(11) DEFAULT NULL,
  `sum` int(11) DEFAULT NULL,
  `line_length` int(11) DEFAULT NULL,
  `ticket_id` bigint(20) DEFAULT NULL,
  `index_key` smallint(6) DEFAULT NULL,
  `flag` smallint(6) DEFAULT NULL COMMENT '逻辑删除',
  `cover_size` varchar(25) DEFAULT NULL,
  `door_size` varchar(25) DEFAULT NULL,
  `lb_size` varchar(25) DEFAULT NULL,
  `db_size` varchar(25) DEFAULT NULL,
  `door` varchar(1035) DEFAULT NULL,
  `color` varchar(1035) DEFAULT NULL,
  `material` varchar(1035) DEFAULT NULL,
  `material_id` bigint(20) DEFAULT NULL,
  `remarks` varchar(45) DEFAULT NULL,
  `line` varchar(1035) DEFAULT NULL,
  `unit` varchar(1035) DEFAULT NULL COMMENT '单位',
  `unit_price` decimal(10,2) DEFAULT NULL COMMENT '单价',
  `money` decimal(10,2) DEFAULT NULL COMMENT '总价',
  PRIMARY KEY (`id`)
) ENGINE=InnoDB DEFAULT CHARSET=utf8;

LOCK TABLES `zs_product` WRITE;
/*!40000 ALTER TABLE `zs_product` DISABLE KEYS */;

INSERT INTO `zs_product` (`id`, `name`, `door_id`, `process_ids`, `img`, `mark`, `start_time`, `end_time`, `corporation_id`, `cover_width`, `cover_height`, `cover_depth`, `width`, `height`, `lb_width`, `lb_height`, `db_width`, `db_height`, `color_id`, `line_id`, `line_sum`, `productcol`, `type`, `module_id`, `state`, `lb_sum`, `db_sum`, `sum`, `line_length`, `ticket_id`, `index_key`, `flag`, `cover_size`, `door_size`, `lb_size`, `db_size`, `door`, `color`, `material`, `material_id`, `remarks`, `line`, `unit`, `unit_price`, `money`)
VALUES
	(693218204524351488,NULL,NULL,NULL,NULL,NULL,NULL,NULL,274257007794589696,NULL,NULL,NULL,NULL,NULL,NULL,NULL,NULL,NULL,NULL,NULL,NULL,NULL,NULL,NULL,NULL,NULL,NULL,2,NULL,693218203891011600,0,NULL,'2222*233*32','2172*148=1','2184*32=2','213*32=1','{\"type\":1301,\"id\":335747049460994050,\"name\":\"SM-949\",\"unitPrice\":1,\"unit\":\"套\",\"gxList\":[],\"arithmetic\":{\"msH\":\"h-50\",\"msW\":\"w-85\",\"lbH\":\"h-38\",\"lbW\":\"d\",\"dbH\":\"w-20\",\"dbW\":\"d\"}}','{\"id\":325019411935268860,\"name\":\"颜色\",\"gxList\":[]}','{\"id\":325019449059053600,\"name\":\"材质\",\"gxList\":[]}',NULL,NULL,'[{\"value\":\"\"},{\"value\":\"2\"},{\"value\":\"\"},{\"value\":\"1\"}]','套',1.00,2.00),
	(693295856450932736,NULL,NULL,NULL,NULL,NULL,NULL,NULL,274257007794589696,NULL,NULL,NULL,NULL,NULL,NULL,NULL,NULL,NULL,NULL,NULL,NULL,NULL,NULL,NULL,NULL,NULL,NULL,2,NULL,392665173523042304,0,NULL,'8733*9877*232','8683*9792=1','8695*232=2','9857*232=1','{\"type\":1301,\"id\":\"335749155823685632\",\"name\":\"SM-950\",\"unitPrice\":989,\"unit\":\"套\",\"gxList\":[{\"name\":\"下料\",\"price\":\"13\"},{\"name\":\"单套\",\"price\":\"2\"},{\"name\":\"雕刻\",\"price\":\"3\"},{\"name\":\"抓架子\",\"price\":\"2\"},{\"name\":\"压机\",\"price\":\"2\"},{\"name\":\"精裁\",\"price\":\"2\"},{\"name\":\"打台\",\"price\":\"3\"},{\"name\":\"封边\",\"price\":\"2\"},{\"name\":\"大沙\",\"price\":\"2\"},{\"name\":\"异型\",\"price\":\"3\"},{\"name\":\"打眼订凳\",\"price\":\"3\"},{\"name\":\"分货\",\"price\":\"2\"},{\"name\":\"木磨\",\"price\":\"2\"},{\"name\":\"刮沙\",\"price\":\"3\"},{\"name\":\"贴纸\",\"price\":\"3\"},{\"name\":\"贴皮\",\"price\":\"2\"},{\"name\":\"底漆\",\"price\":\"12\"},{\"name\":\"油磨\",\"price\":\"3\"},{\"name\":\"面漆\",\"price\":\"3\"},{\"name\":\"质检\",\"price\":\"2\"},{\"name\":\"包装\",\"price\":\"23\"}],\"arithmetic\":{\"msH\":\"h-50\",\"msW\":\"w-85\",\"lbH\":\"h-38\",\"lbW\":\"d\",\"dbH\":\"w-20\",\"dbW\":\"d\"}}','{\"id\":\"325019411935268864\",\"name\":\"颜色\",\"gxList\":[{\"name\":\"雕刻\",\"price\":\"3\",\"countPrice\":6},{\"name\":\"贴纸\",\"price\":\"3\",\"countPrice\":6},{\"name\":\"油磨\",\"price\":\"3\",\"countPrice\":6}]}','{\"id\":\"325019449059053568\",\"name\":\"材质\",\"gxList\":[{\"name\":\"下料\",\"price\":\"3\",\"countPrice\":6},{\"name\":\"单套\",\"price\":\"3\",\"countPrice\":6}]}',NULL,NULL,'[{\"value\":\"\"},{\"value\":\"6\"},{\"value\":\"\"},{\"value\":\"\"}]','套',989.00,1978.00),
	(693295856769699840,NULL,NULL,NULL,NULL,NULL,NULL,NULL,274257007794589696,NULL,NULL,NULL,NULL,NULL,NULL,NULL,NULL,NULL,NULL,NULL,NULL,NULL,NULL,NULL,NULL,NULL,NULL,2,NULL,392665173523042304,1,NULL,'8733*9877*232','8683*9792=1','8695*232=2','9857*232=1','{\"type\":1301,\"id\":\"335749155823685632\",\"name\":\"SM-950\",\"unitPrice\":989,\"unit\":\"套\",\"gxList\":[{\"name\":\"下料\",\"price\":\"13\"},{\"name\":\"单套\",\"price\":\"2\"},{\"name\":\"雕刻\",\"price\":\"3\"},{\"name\":\"抓架子\",\"price\":\"2\"},{\"name\":\"压机\",\"price\":\"2\"},{\"name\":\"精裁\",\"price\":\"2\"},{\"name\":\"打台\",\"price\":\"3\"},{\"name\":\"封边\",\"price\":\"2\"},{\"name\":\"大沙\",\"price\":\"2\"},{\"name\":\"异型\",\"price\":\"3\"},{\"name\":\"打眼订凳\",\"price\":\"3\"},{\"name\":\"分货\",\"price\":\"2\"},{\"name\":\"木磨\",\"price\":\"2\"},{\"name\":\"刮沙\",\"price\":\"3\"},{\"name\":\"贴纸\",\"price\":\"3\"},{\"name\":\"贴皮\",\"price\":\"2\"},{\"name\":\"底漆\",\"price\":\"12\"},{\"name\":\"油磨\",\"price\":\"3\"},{\"name\":\"面漆\",\"price\":\"3\"},{\"name\":\"质检\",\"price\":\"2\"},{\"name\":\"包装\",\"price\":\"23\"}],\"arithmetic\":{\"msH\":\"h-50\",\"msW\":\"w-85\",\"lbH\":\"h-38\",\"lbW\":\"d\",\"dbH\":\"w-20\",\"dbW\":\"d\"}}','{\"id\":\"325019411935268864\",\"name\":\"颜色\",\"gxList\":[{\"name\":\"雕刻\",\"price\":\"3\",\"countPrice\":6},{\"name\":\"贴纸\",\"price\":\"3\",\"countPrice\":6},{\"name\":\"油磨\",\"price\":\"3\",\"countPrice\":6}]}','{\"id\":\"325019449059053568\",\"name\":\"材质\",\"gxList\":[{\"name\":\"下料\",\"price\":\"3\",\"countPrice\":6},{\"name\":\"单套\",\"price\":\"3\",\"countPrice\":6}]}',NULL,NULL,'[{\"value\":\"\"},{\"value\":\"6\"},{\"value\":\"\"},{\"value\":\"\"}]','套',989.00,1978.00),
	(694213207098789888,NULL,NULL,NULL,NULL,NULL,NULL,NULL,274257007794589696,NULL,NULL,NULL,NULL,NULL,NULL,NULL,NULL,NULL,NULL,NULL,NULL,NULL,NULL,NULL,NULL,NULL,NULL,1,NULL,694213206624833536,0,NULL,'1750*40','','','','{\"type\":1301,\"id\":\"694192160312004608\",\"name\":\"特殊(如下图)\",\"unit\":\"套\",\"gxList\":[{\"name\":\"下料\",\"price\":\"3.3\"},{\"name\":\"抓玻璃门架子\",\"price\":\"3\"},{\"name\":\"抓架子\",\"price\":\"4.5\"},{\"name\":\"压机\",\"price\":\"5.5\"},{\"name\":\"精裁\",\"price\":\"4\"},{\"name\":\"单套\",\"price\":\"1\"},{\"name\":\"雕刻\",\"price\":\"10\"},{\"name\":\"金属条\",\"price\":\"20\"},{\"name\":\"订扣线\",\"price\":\"30\"},{\"name\":\"封边\",\"price\":\"2.5\"},{\"name\":\"打台\",\"price\":\"1.5\"},{\"name\":\"异型\",\"price\":\"20\"},{\"name\":\"开放漆\",\"price\":\"160\"},{\"name\":\"打眼订凳\",\"price\":\"1\"},{\"name\":\"木磨\",\"price\":\"1.5\"},{\"name\":\"分货\",\"price\":\"2\"},{\"name\":\"刮沙\",\"price\":\"16\"},{\"name\":\"贴纸\",\"price\":\"21\"},{\"name\":\"贴皮\",\"price\":\"80\"},{\"name\":\"底漆\",\"price\":\"7\"},{\"name\":\"油磨\",\"price\":\"14\"},{\"name\":\"面漆\",\"price\":\"12\"},{\"name\":\"质检\",\"price\":\"2\"},{\"name\":\"包装\",\"price\":\"6\"}],\"arithmetic\":{\"msH\":\"h-50\",\"msW\":\"w-85\",\"lbH\":\"h-38\",\"lbW\":\"d\",\"dbH\":\"w-20\",\"dbW\":\"d\"}}','{\"id\":\"694212586694119424\",\"name\":\"红橡木皮\",\"gxList\":[]}','{\"id\":\"693885822218407936\",\"name\":\"5厘板浅槽红胡桃面板\",\"gxList\":[]}',NULL,NULL,'[{\"value\":\"\"},{\"value\":\"\"},{\"value\":\"\"},{\"value\":\"\"}]','套',NULL,NULL),
	(694718232321462272,NULL,NULL,NULL,NULL,NULL,NULL,NULL,274257007794589696,NULL,NULL,NULL,NULL,NULL,NULL,NULL,NULL,NULL,NULL,NULL,NULL,NULL,NULL,NULL,NULL,NULL,NULL,1,NULL,437978494966829056,0,NULL,'2333*233*123','2283*148=1','2295*123=2','213*123=1','{\"type\":1301,\"id\":\"335749230012534784\",\"name\":\"SM-951\",\"unitPrice\":null,\"unit\":null,\"gxList\":[{\"name\":\"下料\",\"price\":\"1\"},{\"name\":\"单套\",\"price\":\"1\"},{\"name\":\"雕刻\",\"price\":\"3\"},{\"name\":\"抓架子\",\"price\":\"2\"},{\"name\":\"压机\",\"price\":\"2\"},{\"name\":\"精裁\",\"price\":\"2\"},{\"name\":\"打台\",\"price\":\"3\"},{\"name\":\"封边\",\"price\":\"2\"},{\"name\":\"大沙\",\"price\":\"2\"},{\"name\":\"异型\",\"price\":\"3\"},{\"name\":\"打眼订凳\",\"price\":\"3\"},{\"name\":\"分货\",\"price\":\"2\"},{\"name\":\"木磨\",\"price\":\"2\"},{\"name\":\"刮沙\",\"price\":\"3\"},{\"name\":\"贴纸\",\"price\":\"3\"},{\"name\":\"贴皮\",\"price\":\"2\"},{\"name\":\"底漆\",\"price\":\"12\"},{\"name\":\"油磨\",\"price\":\"3\"},{\"name\":\"面漆\",\"price\":\"3\"},{\"name\":\"质检\",\"price\":\"2\"},{\"name\":\"包装\",\"price\":\"23\"}],\"arithmetic\":{\"msH\":\"h-50\",\"msW\":\"w-85\",\"lbH\":\"h-38\",\"lbW\":\"d\",\"dbH\":\"w-20\",\"dbW\":\"d\"}}','{\"id\":\"325019411935268864\",\"name\":\"颜色\",\"gxList\":[{\"name\":\"雕刻\",\"price\":\"3\",\"countPrice\":3},{\"name\":\"贴纸\",\"price\":\"3\",\"countPrice\":3},{\"name\":\"油磨\",\"price\":\"3\",\"countPrice\":3}]}','{\"id\":\"325019449059053568\",\"name\":\"材质\",\"gxList\":[{\"name\":\"下料\",\"price\":\"3\",\"countPrice\":3},{\"name\":\"单套\",\"price\":\"3\",\"countPrice\":3}]}',NULL,NULL,'[{\"value\":\"\"},{\"value\":\"\"},{\"value\":\"\"},{\"value\":\"\"}]',NULL,NULL,NULL),
	(694718232367599616,NULL,NULL,NULL,NULL,NULL,NULL,NULL,274257007794589696,NULL,NULL,NULL,NULL,NULL,NULL,NULL,NULL,NULL,NULL,NULL,NULL,NULL,NULL,NULL,NULL,NULL,NULL,1,NULL,437978494966829056,1,NULL,'2333*233*123','2283*148=1','2295*123=2','213*123=1','{\"type\":1301,\"id\":\"335749155823685632\",\"name\":\"SM-950\",\"unitPrice\":989,\"unit\":\"套\",\"gxList\":[{\"name\":\"下料\",\"price\":\"13\"},{\"name\":\"单套\",\"price\":\"2\"},{\"name\":\"雕刻\",\"price\":\"3\"},{\"name\":\"抓架子\",\"price\":\"2\"},{\"name\":\"压机\",\"price\":\"2\"},{\"name\":\"精裁\",\"price\":\"2\"},{\"name\":\"打台\",\"price\":\"3\"},{\"name\":\"封边\",\"price\":\"2\"},{\"name\":\"大沙\",\"price\":\"2\"},{\"name\":\"异型\",\"price\":\"3\"},{\"name\":\"打眼订凳\",\"price\":\"3\"},{\"name\":\"分货\",\"price\":\"2\"},{\"name\":\"木磨\",\"price\":\"2\"},{\"name\":\"刮沙\",\"price\":\"3\"},{\"name\":\"贴纸\",\"price\":\"3\"},{\"name\":\"贴皮\",\"price\":\"2\"},{\"name\":\"底漆\",\"price\":\"12\"},{\"name\":\"油磨\",\"price\":\"3\"},{\"name\":\"面漆\",\"price\":\"3\"},{\"name\":\"质检\",\"price\":\"2\"},{\"name\":\"包装\",\"price\":\"23\"}],\"arithmetic\":{\"msH\":\"h-50\",\"msW\":\"w-85\",\"lbH\":\"h-38\",\"lbW\":\"d\",\"dbH\":\"w-20\",\"dbW\":\"d\"}}','{\"id\":\"325019411935268864\",\"name\":\"颜色\",\"gxList\":[{\"name\":\"雕刻\",\"price\":\"3\",\"countPrice\":3},{\"name\":\"贴纸\",\"price\":\"3\",\"countPrice\":3},{\"name\":\"油磨\",\"price\":\"3\",\"countPrice\":3}]}','{\"id\":\"325019449059053568\",\"name\":\"材质\",\"gxList\":[{\"name\":\"下料\",\"price\":\"3\",\"countPrice\":3},{\"name\":\"单套\",\"price\":\"3\",\"countPrice\":3}]}',NULL,NULL,'[{\"value\":\"\"},{\"value\":\"\"},{\"value\":\"\"},{\"value\":\"\"}]','套',989.00,989.00),
	(694718232409542656,NULL,NULL,NULL,NULL,NULL,NULL,NULL,274257007794589696,NULL,NULL,NULL,NULL,NULL,NULL,NULL,NULL,NULL,NULL,NULL,NULL,NULL,NULL,NULL,NULL,NULL,NULL,1,NULL,437978494966829056,2,NULL,'2333*233*123','2283*148=1','2295*123=2','213*123=1','{\"type\":1301,\"id\":\"335747049460994048\",\"name\":\"SM-949\",\"unitPrice\":null,\"unit\":null,\"gxList\":[{\"name\":\"下料\",\"price\":\"1\"},{\"name\":\"单套\",\"price\":\"1\"},{\"name\":\"雕刻\",\"price\":\"3\"},{\"name\":\"抓架子\",\"price\":\"2\"},{\"name\":\"压机\",\"price\":\"2\"},{\"name\":\"精裁\",\"price\":\"2\"},{\"name\":\"打台\",\"price\":\"3\"},{\"name\":\"封边\",\"price\":\"2\"},{\"name\":\"大沙\",\"price\":\"2\"},{\"name\":\"异型\",\"price\":\"3\"},{\"name\":\"打眼订凳\",\"price\":\"3\"},{\"name\":\"分货\",\"price\":\"2\"},{\"name\":\"木磨\",\"price\":\"2\"},{\"name\":\"刮沙\",\"price\":\"3\"},{\"name\":\"贴纸\",\"price\":\"3\"},{\"name\":\"贴皮\",\"price\":\"2\"},{\"name\":\"底漆\",\"price\":\"12\"},{\"name\":\"油磨\",\"price\":\"3\"},{\"name\":\"面漆\",\"price\":\"3\"},{\"name\":\"质检\",\"price\":\"2\"},{\"name\":\"包装\",\"price\":\"23\"}],\"arithmetic\":{\"msH\":\"h-50\",\"msW\":\"w-85\",\"lbH\":\"h-38\",\"lbW\":\"d\",\"dbH\":\"w-20\",\"dbW\":\"d\"}}','{\"id\":\"325019411935268864\",\"name\":\"颜色\",\"gxList\":[{\"name\":\"雕刻\",\"price\":\"3\",\"countPrice\":3},{\"name\":\"贴纸\",\"price\":\"3\",\"countPrice\":3},{\"name\":\"油磨\",\"price\":\"3\",\"countPrice\":3}]}','{\"id\":\"325019449059053568\",\"name\":\"材质\",\"gxList\":[{\"name\":\"下料\",\"price\":\"3\",\"countPrice\":3},{\"name\":\"单套\",\"price\":\"3\",\"countPrice\":3}]}',NULL,NULL,'[{\"value\":\"\"},{\"value\":\"\"},{\"value\":\"\"},{\"value\":\"\"}]',NULL,NULL,NULL),
	(694718232447291392,NULL,NULL,NULL,NULL,NULL,NULL,NULL,274257007794589696,NULL,NULL,NULL,NULL,NULL,NULL,NULL,NULL,NULL,NULL,NULL,NULL,NULL,NULL,NULL,NULL,NULL,NULL,1,NULL,437978494966829056,3,NULL,'2333*233*123','2283*148=1','2295*123=2','213*123=1','{\"type\":1301,\"id\":\"335747049460994048\",\"name\":\"SM-949\",\"unitPrice\":null,\"unit\":null,\"gxList\":[{\"name\":\"下料\",\"price\":\"1\"},{\"name\":\"单套\",\"price\":\"1\"},{\"name\":\"雕刻\",\"price\":\"3\"},{\"name\":\"抓架子\",\"price\":\"2\"},{\"name\":\"压机\",\"price\":\"2\"},{\"name\":\"精裁\",\"price\":\"2\"},{\"name\":\"打台\",\"price\":\"3\"},{\"name\":\"封边\",\"price\":\"2\"},{\"name\":\"大沙\",\"price\":\"2\"},{\"name\":\"异型\",\"price\":\"3\"},{\"name\":\"打眼订凳\",\"price\":\"3\"},{\"name\":\"分货\",\"price\":\"2\"},{\"name\":\"木磨\",\"price\":\"2\"},{\"name\":\"刮沙\",\"price\":\"3\"},{\"name\":\"贴纸\",\"price\":\"3\"},{\"name\":\"贴皮\",\"price\":\"2\"},{\"name\":\"底漆\",\"price\":\"12\"},{\"name\":\"油磨\",\"price\":\"3\"},{\"name\":\"面漆\",\"price\":\"3\"},{\"name\":\"质检\",\"price\":\"2\"},{\"name\":\"包装\",\"price\":\"23\"}],\"arithmetic\":{\"msH\":\"h-50\",\"msW\":\"w-85\",\"lbH\":\"h-38\",\"lbW\":\"d\",\"dbH\":\"w-20\",\"dbW\":\"d\"}}','{\"id\":\"325019411935268864\",\"name\":\"颜色\",\"gxList\":[{\"name\":\"雕刻\",\"price\":\"3\",\"countPrice\":3},{\"name\":\"贴纸\",\"price\":\"3\",\"countPrice\":3},{\"name\":\"油磨\",\"price\":\"3\",\"countPrice\":3}]}','{\"id\":\"325019449059053568\",\"name\":\"材质\",\"gxList\":[{\"name\":\"下料\",\"price\":\"3\",\"countPrice\":3},{\"name\":\"单套\",\"price\":\"3\",\"countPrice\":3}]}',NULL,NULL,'[{\"value\":\"\"},{\"value\":\"\"},{\"value\":\"\"},{\"value\":\"\"}]',NULL,NULL,NULL),
	(696043692049436672,NULL,NULL,NULL,NULL,NULL,NULL,NULL,274257007794589696,NULL,NULL,NULL,NULL,NULL,NULL,NULL,NULL,NULL,NULL,NULL,NULL,NULL,NULL,NULL,NULL,NULL,NULL,1,NULL,696043691697115136,0,NULL,'2255*900*95','','2217*95=2','880*95=1','{\"type\":1302,\"id\":\"696041960129040384\",\"name\":\"见图\",\"unit\":\"套\",\"gxList\":[{\"name\":\"下料\",\"price\":\"4\"},{\"name\":\"雕刻\",\"price\":\"10\"},{\"name\":\"抓架子\",\"price\":\"7\"},{\"name\":\"压机\",\"price\":\"7.5\"},{\"name\":\"精裁\",\"price\":\"4\"},{\"name\":\"打台\",\"price\":\"1.5\"},{\"name\":\"封边\",\"price\":\"2.5\"},{\"name\":\"单套\",\"price\":\"1.2\"},{\"name\":\"订扣线\",\"price\":\"30\"},{\"name\":\"打眼订凳\",\"price\":\"1\"},{\"name\":\"分货\",\"price\":\"2\"},{\"name\":\"刮灰\",\"price\":\"35\"},{\"name\":\"贴皮\",\"price\":\"120\"},{\"name\":\"油磨\",\"price\":\"14\"},{\"name\":\"开放漆\",\"price\":\"120\"},{\"name\":\"包装\",\"price\":\"6\"}],\"arithmetic\":{\"msH\":\"h-50\",\"msW\":\"w-85\",\"lbH\":\"h-38\",\"lbW\":\"d\",\"dbH\":\"w-20\",\"dbW\":\"d\"}}','{\"id\":\"696042145504694272\",\"name\":\"贴黑胡桃木皮\",\"gxList\":[]}','{\"id\":\"696042371514765312\",\"name\":\"红胡桃面板\",\"gxList\":[]}',NULL,NULL,'[{\"value\":null},{\"value\":5},{\"value\":null},{\"value\":null}]','套',NULL,NULL),
	(696047505288335360,NULL,NULL,NULL,NULL,NULL,NULL,NULL,274257007794589696,NULL,NULL,NULL,NULL,NULL,NULL,NULL,NULL,NULL,NULL,NULL,NULL,NULL,NULL,NULL,NULL,NULL,NULL,1,NULL,696047505015705600,0,NULL,'2255*900*95','','2217*95=2','880*95=1','{\"type\":1302,\"id\":\"696041960129040384\",\"name\":\"见图\",\"unitPrice\":200,\"unit\":\"套\",\"gxList\":[{\"name\":\"下料\",\"price\":\"4\"},{\"name\":\"雕刻\",\"price\":\"10\"},{\"name\":\"抓架子\",\"price\":\"7\"},{\"name\":\"压机\",\"price\":\"7.5\"},{\"name\":\"精裁\",\"price\":\"4\"},{\"name\":\"打台\",\"price\":\"1.5\"},{\"name\":\"封边\",\"price\":\"2.5\"},{\"name\":\"单套\",\"price\":\"1.2\"},{\"name\":\"打眼订凳\",\"price\":\"1\"},{\"name\":\"分货\",\"price\":\"2\"},{\"name\":\"刮灰\",\"price\":\"35\"},{\"name\":\"贴皮\",\"price\":\"120\"},{\"name\":\"开放漆\",\"price\":\"120\"},{\"name\":\"包装\",\"price\":\"6\"}],\"arithmetic\":{\"msH\":\"h-50\",\"msW\":\"w-85\",\"lbH\":\"h-38\",\"lbW\":\"d\",\"dbH\":\"w-20\",\"dbW\":\"d\"}}','{\"id\":\"696042145504694272\",\"name\":\"贴黑胡桃木皮\",\"gxList\":[]}','{\"id\":\"696042371514765312\",\"name\":\"红胡桃面板\",\"gxList\":[]}',NULL,NULL,'[{\"value\":null},{\"value\":5},{\"value\":null},{\"value\":null}]','套',200.00,200.00),
	(696048529013084160,NULL,NULL,NULL,NULL,NULL,NULL,NULL,274257007794589696,NULL,NULL,NULL,NULL,NULL,NULL,NULL,NULL,NULL,NULL,NULL,NULL,NULL,NULL,NULL,NULL,NULL,NULL,1,NULL,693823906208944128,0,NULL,'2155*900*95','2105*815=1','2117*95=2','880*95=1','{\"type\":1301,\"id\":\"696041960129040384\",\"name\":\"见图\",\"unitPrice\":200,\"unit\":\"套\",\"gxList\":[{\"name\":\"下料\",\"price\":\"4\"},{\"name\":\"雕刻\",\"price\":\"10\"},{\"name\":\"抓架子\",\"price\":\"7\"},{\"name\":\"压机\",\"price\":\"7.5\"},{\"name\":\"精裁\",\"price\":\"4\"},{\"name\":\"打台\",\"price\":\"1.5\"},{\"name\":\"封边\",\"price\":\"2.5\"},{\"name\":\"单套\",\"price\":\"1.2\"},{\"name\":\"打眼订凳\",\"price\":\"1\"},{\"name\":\"分货\",\"price\":\"2\"},{\"name\":\"刮灰\",\"price\":\"35\"},{\"name\":\"贴皮\",\"price\":\"120\"},{\"name\":\"开放漆\",\"price\":\"120\"},{\"name\":\"包装\",\"price\":\"6\"}],\"arithmetic\":{\"msH\":\"h-50\",\"msW\":\"w-85\",\"lbH\":\"h-38\",\"lbW\":\"d\",\"dbH\":\"w-20\",\"dbW\":\"d\"}}','{\"id\":\"693886183553503232\",\"name\":\"象牙白\",\"gxList\":[]}','{\"id\":\"693885822218407936\",\"name\":\"5厘板浅槽红胡桃面板\",\"gxList\":[]}',NULL,NULL,'[{\"value\":5},{\"value\":null},{\"value\":null},{\"value\":null}]','套',200.00,200.00),
	(696048813974097920,NULL,NULL,NULL,NULL,NULL,NULL,NULL,274257007794589696,NULL,NULL,NULL,NULL,NULL,NULL,NULL,NULL,NULL,NULL,NULL,NULL,NULL,NULL,NULL,NULL,NULL,NULL,1,NULL,696048200209010688,0,NULL,'2255*900*95','2205*815=1','2217*95=2','880*95=1','{\"type\":1301,\"id\":\"696041960129040384\",\"name\":\"见图\",\"unitPrice\":200,\"unit\":\"套\",\"gxList\":[{\"name\":\"下料\",\"price\":\"4\"},{\"name\":\"雕刻\",\"price\":\"10\"},{\"name\":\"抓架子\",\"price\":\"7\"},{\"name\":\"压机\",\"price\":\"7.5\"},{\"name\":\"精裁\",\"price\":\"4\"},{\"name\":\"打台\",\"price\":\"1.5\"},{\"name\":\"封边\",\"price\":\"2.5\"},{\"name\":\"单套\",\"price\":\"1.2\"},{\"name\":\"打眼订凳\",\"price\":\"1\"},{\"name\":\"分货\",\"price\":\"2\"},{\"name\":\"刮灰\",\"price\":\"35\"},{\"name\":\"贴皮\",\"price\":\"120\"},{\"name\":\"开放漆\",\"price\":\"120\"},{\"name\":\"包装\",\"price\":\"6\"}],\"arithmetic\":{\"msH\":\"h-50\",\"msW\":\"w-85\",\"lbH\":\"h-38\",\"lbW\":\"d\",\"dbH\":\"w-20\",\"dbW\":\"d\"}}','{\"id\":\"696042145504694272\",\"name\":\"贴黑胡桃木皮\",\"gxList\":[]}','{\"id\":\"696042371514765312\",\"name\":\"红胡桃面板\",\"gxList\":[]}',NULL,NULL,'[{\"value\":null},{\"value\":5},{\"value\":null},{\"value\":null}]','套',200.00,200.00);

/*!40000 ALTER TABLE `zs_product` ENABLE KEYS */;
UNLOCK TABLES;


# Dump of table zs_ticket
# ------------------------------------------------------------

DROP TABLE IF EXISTS `zs_ticket`;

CREATE TABLE `zs_ticket` (
  `id` bigint(20) NOT NULL,
  `name` varchar(45) DEFAULT NULL,
  `number` varchar(45) DEFAULT NULL COMMENT '订单编号',
  `corporation_id` bigint(20) DEFAULT NULL COMMENT '公司',
  `dealers_id` bigint(20) DEFAULT NULL COMMENT '经销商',
  `market_id` bigint(20) DEFAULT NULL COMMENT '销售',
  `edit_id` bigint(20) DEFAULT NULL COMMENT '编辑人员',
  `brand_id` bigint(20) DEFAULT NULL COMMENT '品牌',
  `product_ids` varchar(450) DEFAULT NULL COMMENT '产品id列表',
  `odd` varchar(45) DEFAULT NULL,
  `address` varchar(450) DEFAULT NULL,
  `state` smallint(6) DEFAULT NULL,
  `type` smallint(6) DEFAULT NULL COMMENT '订单类型',
  `priority` smallint(6) DEFAULT NULL COMMENT '优先级',
  `start_time` timestamp NULL DEFAULT NULL,
  `end_time` timestamp NULL DEFAULT NULL,
  `create_time` timestamp NULL DEFAULT NULL,
  `over_time` timestamp NULL DEFAULT NULL,
  `pay` decimal(20,4) DEFAULT NULL,
  `sum_door` float DEFAULT NULL,
  `sum_taoban` float DEFAULT NULL,
  `sum_line` float DEFAULT NULL,
  `flag` smallint(6) DEFAULT NULL COMMENT '逻辑删除',
  `summary` varchar(150) DEFAULT NULL COMMENT '总结',
  `remarks` varchar(150) DEFAULT NULL COMMENT '备注',
  `edit_name` varchar(20) DEFAULT NULL COMMENT '编辑人名字',
  `earnest` decimal(20,4) DEFAULT NULL COMMENT '定金',
  `payment` decimal(20,4) DEFAULT NULL COMMENT '尾款',
  `back_describe` varchar(2000) DEFAULT NULL COMMENT '回单描述',
  PRIMARY KEY (`id`)
) ENGINE=InnoDB DEFAULT CHARSET=utf8;

LOCK TABLES `zs_ticket` WRITE;
/*!40000 ALTER TABLE `zs_ticket` DISABLE KEYS */;

INSERT INTO `zs_ticket` (`id`, `name`, `number`, `corporation_id`, `dealers_id`, `market_id`, `edit_id`, `brand_id`, `product_ids`, `odd`, `address`, `state`, `type`, `priority`, `start_time`, `end_time`, `create_time`, `over_time`, `pay`, `sum_door`, `sum_taoban`, `sum_line`, `flag`, `summary`, `remarks`, `edit_name`, `earnest`, `payment`, `back_describe`)
VALUES
	(437978494966829056,'2003-1','2003-1',274257007794589696,325019201095995392,NULL,274345799314444288,392408486597758976,NULL,NULL,'成都',1503,NULL,NULL,'2020-11-18 21:29:44','2020-11-18 21:29:47','2020-11-18 21:31:16',NULL,989.0000,4,12,0,NULL,'','','赵静',NULL,0.0000,'[{\"n\":\"\",\"url\":\"694718153556627456\"},{\"n\":\"用这个线条\",\"url\":\"694718173156610048\"},{\"n\":\"\",\"url\":\"\"},{\"n\":\"\",\"url\":\"\"}]'),
	(693823906208944128,'2202-2','2202-2',274257007794589696,325019201095995392,NULL,274345799314444288,NULL,NULL,NULL,'',1503,NULL,NULL,NULL,NULL,'2022-11-22 21:29:35',NULL,200.0000,1,3,5,NULL,'2200=5支','','赵静',NULL,0.0000,'[{\"n\":\"\",\"url\":\"\"},{\"n\":\"\",\"url\":\"\"},{\"n\":\"\",\"url\":\"\"},{\"n\":\"\",\"url\":\"\"}]'),
	(694213206624833536,'2202-1','2202-1',274257007794589696,NULL,NULL,274345799314444288,NULL,NULL,NULL,'',1503,NULL,NULL,NULL,NULL,'2022-02-23 23:16:32',NULL,NULL,1,0,0,NULL,'','','赵静',NULL,0.0000,'[{\"n\":\"\",\"url\":\"\"},{\"n\":\"\",\"url\":\"\"},{\"n\":\"\",\"url\":\"\"},{\"n\":\"\",\"url\":\"\"}]'),
	(696043691697115136,'2203-1','2203-1',274257007794589696,696039099747930112,NULL,274345799314444288,392408486597758976,NULL,NULL,'市内',1503,NULL,NULL,NULL,NULL,'2022-03-01 00:30:14',NULL,NULL,0.5,0,5,NULL,'2400=5支','','赵静',NULL,0.0000,'[{\"n\":\"\",\"url\":\"\"},{\"n\":\"\",\"url\":\"\"},{\"n\":\"\",\"url\":\"\"},{\"n\":\"\",\"url\":\"\"}]'),
	(696047505015705600,'2203-2','2203-2',274257007794589696,696047026990878720,NULL,274345799314444288,392408486597758976,NULL,NULL,'成都',1503,NULL,NULL,NULL,NULL,'2022-03-01 00:45:23',NULL,200.0000,0.5,0,5,NULL,'2400=5支','','赵静',NULL,0.0000,'[{\"n\":\"\",\"url\":\"\"},{\"n\":\"\",\"url\":\"\"},{\"n\":\"\",\"url\":\"\"},{\"n\":\"\",\"url\":\"\"}]'),
	(696048200209010688,'2203-3','2203-3',274257007794589696,696047026990878720,NULL,274345799314444288,392408486597758976,NULL,NULL,'成都',1500,NULL,NULL,NULL,NULL,'2023-02-01 00:48:09',NULL,200.0000,1,3,5,NULL,'2400=5支','','赵静',NULL,0.0000,'[{\"n\":\"\",\"url\":\"\"},{\"n\":\"\",\"url\":\"\"},{\"n\":\"\",\"url\":\"\"},{\"n\":\"\",\"url\":\"\"}]');

/*!40000 ALTER TABLE `zs_ticket` ENABLE KEYS */;
UNLOCK TABLES;


# Dump of table zs_ticket_copy
# ------------------------------------------------------------

DROP TABLE IF EXISTS `zs_ticket_copy`;

CREATE TABLE `zs_ticket_copy` (
  `id` bigint(20) NOT NULL,
  `name` varchar(45) DEFAULT NULL,
  `number` varchar(45) DEFAULT NULL COMMENT '订单编号',
  `corporation_id` bigint(20) DEFAULT NULL COMMENT '公司',
  `dealers_id` bigint(20) DEFAULT NULL COMMENT '经销商',
  `market_id` bigint(20) DEFAULT NULL COMMENT '销售',
  `edit_id` bigint(20) DEFAULT NULL COMMENT '编辑人员',
  `brand_id` bigint(20) DEFAULT NULL COMMENT '品牌',
  `product_ids` varchar(450) DEFAULT NULL COMMENT '产品id列表',
  `odd` varchar(45) DEFAULT NULL,
  `address` varchar(450) DEFAULT NULL,
  `state` smallint(6) DEFAULT NULL,
  `type` smallint(6) DEFAULT NULL COMMENT '订单类型',
  `priority` smallint(6) DEFAULT NULL COMMENT '优先级',
  `start_time` timestamp NULL DEFAULT NULL,
  `end_time` timestamp NULL DEFAULT NULL,
  `create_time` timestamp NULL DEFAULT NULL,
  `over_time` timestamp NULL DEFAULT NULL,
  `pay` decimal(20,4) DEFAULT NULL,
  `sum_door` float DEFAULT NULL,
  `sum_taoban` float DEFAULT NULL,
  `sum_line` float DEFAULT NULL,
  `flag` smallint(6) DEFAULT NULL COMMENT '逻辑删除',
  `summary` varchar(150) DEFAULT NULL COMMENT '总结',
  `remarks` varchar(150) DEFAULT NULL COMMENT '备注',
  `edit_name` varchar(20) DEFAULT NULL COMMENT '编辑人名字',
  `earnest` decimal(20,4) DEFAULT NULL COMMENT '定金',
  `payment` decimal(20,4) DEFAULT NULL COMMENT '尾款',
  `back_describe` varchar(2000) DEFAULT NULL COMMENT '回单描述',
  PRIMARY KEY (`id`)
) ENGINE=InnoDB DEFAULT CHARSET=utf8;




/*!40111 SET SQL_NOTES=@OLD_SQL_NOTES */;
/*!40101 SET SQL_MODE=@OLD_SQL_MODE */;
/*!40014 SET FOREIGN_KEY_CHECKS=@OLD_FOREIGN_KEY_CHECKS */;
/*!40101 SET CHARACTER_SET_CLIENT=@OLD_CHARACTER_SET_CLIENT */;
/*!40101 SET CHARACTER_SET_RESULTS=@OLD_CHARACTER_SET_RESULTS */;
/*!40101 SET COLLATION_CONNECTION=@OLD_COLLATION_CONNECTION */;
